"id","1950","1951","1952","1953","1954","1955","1956","1957","1958","1959","1960","1961","1962","1963","1964","1965","1966","1967","1968","1969","1970","1971","1972","1973","1974","1975","1976","1977","1978","1979","1980","1981","1982","1983","1984","1985","1986","1987","1988","1989","1990","1991","1992","1993","1994","1995","1996","1997","1998","1999","2000","2001","2002","2003","2004","2005","2006","2007","2008","2009","2010","2011","2012","2013","2014","2015"
"AFG",41.9863,41.6304,40.9276,40.2432,39.5771,38.9293,38.2998,37.6884,37.0948,36.5185,35.9588,35.4146,34.8844,34.3658,33.8565,33.3545,32.8589,32.3681,31.88,31.3916,30.9008,30.4066,29.9077,29.4019,28.8862,28.3585,27.818,27.2632,26.6918,26.1004,25.4824,24.8311,24.145,23.4263,22.6791,21.9057,21.1089,20.299,19.4903,18.6975,17.9416,17.2428,16.6091,16.0426,15.5413,15.0963,14.6929,14.3095,13.927,13.5341,13.1208,12.6819,12.2242,11.7565,11.2841,10.8162,10.3635,9.9348,9.5362,9.1702,8.836,8.529,8.2406,7.9633,7.6942,7.4315
"AGO",36.92,36.8152,36.5979,36.3648,36.1161,35.8515,35.5709,35.274,34.9605,34.6295,34.2804,33.9128,33.5271,33.1247,32.7085,32.2816,31.8474,31.4095,30.9716,30.5369,30.1046,29.6718,29.2377,28.8056,28.3822,27.9784,27.6064,27.2744,26.9869,26.7448,26.5464,26.3863,26.253,26.135,26.0246,25.9203,25.8244,25.7362,25.6495,25.5523,25.4332,25.282,25.0868,24.8337,24.5085,24.0908,23.5623,22.9231,22.1811,21.3478,20.438,19.4704,18.4716,17.4696,16.4871,15.5394,14.6327,13.7659,12.9428,12.1759,11.484,10.8845,10.381,9.9702,9.6449,9.3915
"ALB",20.2755,20.0792,19.6634,19.2015,18.6935,18.1398,17.5418,16.9025,16.227,15.5238,14.8034,14.0777,13.36,12.6617,11.9911,11.3502,10.7355,10.14,9.5605,9.0002,8.4646,7.9598,7.4924,7.0678,6.6893,6.3623,6.091,5.8712,5.6957,5.5563,5.4432,5.3457,5.2541,5.1589,5.0528,4.9303,4.7893,4.6348,4.4721,4.3036,4.1331,3.9648,3.8022,3.6481,3.5044,3.3722,3.2519,3.1405,3.0346,2.9317,2.8269,2.715,2.5941,2.4647,2.3292,2.1931,2.0641,1.9491,1.8525,1.7755,1.717,1.6732,1.6372,1.6035,1.569,1.5323
"ARE",29.3418,28.7126,27.4704,26.2605,25.0829,23.9371,22.8215,21.7342,20.6716,19.6268,18.5926,17.5626,16.5317,15.5,14.4736,13.4646,12.4888,11.5617,10.6955,9.8959,9.1651,8.4995,7.8878,7.3197,6.7903,6.296,5.8353,5.4082,5.0137,4.649,4.3123,4.0027,3.7193,3.4608,3.2246,3.0094,2.8142,2.6381,2.4792,2.3349,2.2024,2.0798,1.9656,1.8585,1.7567,1.6591,1.5653,1.4762,1.3921,1.3127,1.2373,1.1655,1.0971,1.0324,0.9718,0.9166,0.8684,0.828,0.7955,0.7702,0.7504,0.7341,0.7192,0.7039,0.6872,0.6687
"ARG",8.8176,8.6913,8.4511,8.2356,8.0448,7.8787,7.7372,7.6195,7.524,7.4491,7.3917,7.3477,7.3113,7.2751,7.2309,7.1679,7.0765,6.9532,6.7974,6.6099,6.3941,6.1561,5.9063,5.6544,5.407,5.1688,4.9417,4.7244,4.5164,4.3196,4.1361,3.9672,3.8126,3.6716,3.5437,3.4284,3.3249,3.2313,3.1457,3.0659,2.9911,2.9214,2.8558,2.7923,2.7277,2.6555,2.5683,2.464,2.344,2.2123,2.0779,1.9527,1.8467,1.7664,1.7136,1.6862,1.6782,1.6791,1.6796,1.6752,1.6623,1.6399,1.6107,1.5772,1.5398,1.4995
"ARM",9.9708,9.8888,9.7256,9.5641,9.4044,9.2464,9.0901,8.9354,8.7823,8.6305,8.4798,8.3302,8.1814,8.0337,7.8873,7.7424,7.5991,7.4581,7.3201,7.1861,7.0576,6.9363,6.8228,6.7165,6.6167,6.5204,6.4238,6.3247,6.2225,6.1184,6.0169,5.9241,5.8447,5.7806,5.7311,5.695,5.6704,5.6501,5.6255,5.5888,5.5286,5.4338,5.3011,5.1309,4.9261,4.6931,4.4415,4.1843,3.9336,3.6969,3.4809,3.2885,3.1159,2.9584,2.8139,2.677,2.541,2.4017,2.2573,2.1089,1.9614,1.8225,1.6994,1.5971,1.5164,1.4557
"AUS",3.1482,3.1072,3.0266,2.9482,2.8723,2.7987,2.7278,2.6595,2.5944,2.5329,2.4757,2.4234,2.3762,2.3342,2.2965,2.2626,2.2323,2.2038,2.1747,2.1427,2.1034,2.0526,1.9888,1.9125,1.8254,1.7311,1.6347,1.5418,1.4568,1.3822,1.3195,1.2685,1.226,1.1885,1.1543,1.1207,1.0853,1.047,1.0055,0.9609,0.9144,0.8682,0.8248,0.7861,0.7528,0.7252,0.7025,0.6832,0.6657,0.6495,0.6337,0.6183,0.6031,0.5883,0.5736,0.5591,0.5449,0.5311,0.5177,0.5047,0.4916,0.4779,0.4634,0.448,0.432,0.4158
"AUT",6.6337,6.5078,6.2551,6.001,5.7454,5.4884,5.2308,4.9734,4.7181,4.468,4.2267,3.9983,3.787,3.5963,3.4279,3.285,3.17,3.0792,3.0064,2.9449,2.8841,2.8122,2.7223,2.6107,2.4776,2.3275,2.1692,2.0143,1.8718,1.7458,1.6377,1.5455,1.4634,1.3866,1.3133,1.2431,1.1761,1.1133,1.0549,1.0004,0.9483,0.8969,0.8455,0.7939,0.7427,0.6939,0.6499,0.6128,0.5836,0.5622,0.5473,0.5368,0.5279,0.5185,0.5075,0.4947,0.4808,0.4672,0.4545,0.4425,0.4301,0.4157,0.3984,0.3779,0.3546,0.3299
"AZE",17.9842,17.8399,17.5533,17.2705,16.9915,16.7162,16.4445,16.1762,15.9109,15.6479,15.3866,15.1263,14.8669,14.6088,14.3533,14.1008,13.8513,13.6072,13.372,13.15,12.9484,12.775,12.6325,12.5209,12.4375,12.3784,12.3376,12.3057,12.2727,12.2311,12.174,12.0966,11.9995,11.8829,11.7459,11.5911,11.4231,11.2453,11.0584,10.8595,10.639,10.3841,10.0885,9.7521,9.3805,8.9878,8.5924,8.2113,7.8557,7.5292,7.2263,6.9342,6.6371,6.325,5.997,5.6559,5.3082,4.9667,4.6435,4.3461,4.0835,3.8625,3.6816,3.5374,3.4264,3.3424
"BDI",28.678,28.5241,28.2178,27.9142,27.6133,27.315,27.0187,26.7243,26.4308,26.1367,25.8406,25.5417,25.2402,24.9385,24.641,24.3604,24.1118,23.9011,23.7259,23.5776,23.4358,23.2739,23.0707,22.8137,22.5013,22.141,21.7491,21.3508,20.9682,20.6125,20.2837,19.9731,19.6731,19.3854,19.1229,18.9277,18.8515,18.9112,19.0953,19.3686,19.652,19.8465,19.8755,19.6952,19.302,18.7318,18.0549,17.3676,16.7468,16.2254,15.815,15.5011,15.2366,14.9822,14.7256,14.4583,14.1783,13.8926,13.6063,13.319,13.0305,12.741,12.4516,12.1636,11.8779,11.5956
"BEL",5.6564,5.5164,5.2418,4.9783,4.7258,4.4844,4.2545,4.0364,3.8305,3.6382,3.4605,3.2985,3.1527,3.0227,2.9069,2.8033,2.7094,2.6223,2.5384,2.4552,2.3694,2.2789,2.1839,2.0854,1.9842,1.8818,1.7808,1.6839,1.5934,1.5105,1.4361,1.3702,1.3114,1.2582,1.2099,1.1662,1.127,1.0918,1.0595,1.0285,0.9963,0.9604,0.9196,0.8739,0.824,0.7719,0.7204,0.6726,0.6309,0.5963,0.5691,0.5484,0.5323,0.5186,0.5066,0.4956,0.4852,0.4758,0.467,0.4585,0.4495,0.4395,0.4284,0.4161,0.4027,0.3884
"BEN",35.956,35.6795,35.1285,34.5815,34.0384,33.4995,32.965,32.4355,31.912,31.3962,30.8904,30.3964,29.9161,29.4507,28.9999,28.5647,28.1461,27.7408,27.3437,26.9487,26.5459,26.1242,25.6787,25.2085,24.7162,24.2091,23.6984,23.1966,22.714,22.2554,21.8238,21.4188,21.0327,20.6575,20.2884,19.9177,19.538,19.1463,18.7426,18.3285,17.9099,17.4955,17.0939,16.7109,16.3479,16.0033,15.6726,15.3482,15.0234,14.6952,14.3601,14.0161,13.6656,13.3124,12.9599,12.6132,12.2781,11.9591,11.6594,11.3807,11.1231,10.8848,10.6612,10.4482,10.2436,10.0458
"BFA",38.6973,38.4224,37.8792,37.349,36.8318,36.3272,35.8341,35.3511,34.8755,34.4021,33.9257,33.4411,32.9445,32.4351,31.9166,31.4002,30.9006,30.4284,29.9884,29.5786,29.1915,28.8151,28.4332,28.0317,27.6025,27.1354,26.623,26.072,25.4939,24.9005,24.3083,23.7356,23.1982,22.7089,22.2761,21.9068,21.6029,21.352,21.1395,20.9542,20.783,20.6135,20.4358,20.2411,20.022,19.7798,19.5225,19.2562,18.9802,18.6849,18.35,17.9512,17.4737,16.9119,16.2693,15.5522,14.7727,13.9581,13.1388,12.3398,11.5897,10.9122,10.3135,9.795,9.3571,8.9929
"BGD",34.9206,34.3698,33.2933,32.2667,31.2901,30.3626,29.4817,28.6462,27.8525,27.093,26.3616,25.6555,24.9775,24.3419,23.7744,23.3514,23.1647,23.2435,23.5672,24.0747,24.6319,25.0697,25.2529,25.1001,24.5973,23.7987,22.8179,21.8135,20.9096,20.1547,19.5609,19.0975,18.6846,18.2574,17.7959,17.2887,16.7364,16.1573,15.5676,14.9717,14.3743,13.7787,13.187,12.6012,12.024,11.4553,10.8936,10.3374,9.7874,9.2467,8.7199,8.2118,7.7265,7.2673,6.836,6.4326,6.0552,5.7004,5.3655,5.0501,4.7559,4.4853,4.24,4.0199,3.8234,3.6479
"BGR",13.089,12.7252,11.9899,11.2395,10.4739,9.6943,8.9051,8.1123,7.3275,6.5709,5.8655,5.235,4.7017,4.2786,3.9647,3.7483,3.6069,3.5075,3.4219,3.3345,3.2377,3.1327,3.0306,2.9391,2.8565,2.7797,2.7051,2.6295,2.5506,2.4676,2.3796,2.2865,2.1913,2.0982,2.0105,1.9343,1.8757,1.8371,1.8189,1.8195,1.8359,1.8637,1.8955,1.9242,1.9445,1.9512,1.9409,1.9143,1.8729,1.8175,1.7493,1.6704,1.5847,1.4967,1.4099,1.3283,1.2549,1.1905,1.1352,1.0891,1.0516,1.0209,0.9941,0.9689,0.9441,0.9191
"BHS",10.5039,10.3213,9.9612,9.6113,9.2716,8.9422,8.623,8.314,8.0152,7.7265,7.4479,7.1793,6.9204,6.6709,6.4304,6.1985,5.9749,5.7593,5.5514,5.3507,5.1569,4.9698,4.7894,4.6155,4.4478,4.2861,4.1301,3.9799,3.8352,3.6956,3.5607,3.4301,3.3036,3.1813,3.0636,2.9508,2.8433,2.742,2.6474,2.56,2.4816,2.4139,2.3569,2.3089,2.2676,2.2286,2.187,2.139,2.0827,2.0178,1.9456,1.8695,1.7942,1.7237,1.6597,1.6034,1.5548,1.5119,1.473,1.4373,1.4038,1.3718,1.3409,1.3106,1.2806,1.2508
"BIH",22.9249,22.2353,20.8891,19.6088,18.3944,17.246,16.1641,15.1485,14.1993,13.317,12.5014,11.7511,11.0625,10.4294,9.8423,9.2888,8.7557,8.235,7.7217,7.2132,6.7117,6.2241,5.7612,5.332,4.9401,4.5896,4.2828,4.0154,3.7809,3.5738,3.3839,3.1998,3.0153,2.8284,2.6405,2.4634,2.3144,2.2053,2.1399,2.1126,2.1061,2.0963,2.0619,1.99,1.8789,1.7374,1.583,1.4384,1.3209,1.2363,1.1851,1.1615,1.152,1.1451,1.1359,1.121,1.0995,1.0738,1.046,1.0161,0.9841,0.9504,0.9156,0.8809,0.8468,0.8144
"BLR",15.7867,14.9663,13.3913,11.9478,10.6358,9.4549,8.404,7.4799,6.6775,5.9886,5.4023,4.9058,4.4843,4.1226,3.8079,3.5324,3.294,3.0955,2.937,2.8128,2.7199,2.6571,2.6216,2.6079,2.6079,2.6122,2.6124,2.6033,2.5815,2.5443,2.4909,2.4237,2.349,2.273,2.1987,2.1289,2.065,2.0071,1.9553,1.9105,1.8757,1.8537,1.8436,1.8421,1.8445,1.8423,1.8259,1.7889,1.7282,1.644,1.5402,1.4241,1.3054,1.1923,1.0888,0.996,0.9123,0.8334,0.7565,0.6824,0.6131,0.5516,0.5003,0.4603,0.4312,0.4116
"BLZ",14.3206,14.1324,13.7611,13.4002,13.0496,12.7093,12.3787,12.0572,11.7434,11.4353,11.1302,10.8258,10.5199,10.2118,9.9022,9.5946,9.2937,9.0035,8.7269,8.4639,8.214,7.9753,7.743,7.5126,7.2806,7.0409,6.7873,6.5197,6.2409,5.9556,5.6733,5.4058,5.1625,4.9492,4.767,4.6141,4.4847,4.3681,4.2538,4.1359,4.0074,3.863,3.7042,3.5343,3.3565,3.177,3.004,2.8448,2.7045,2.5851,2.4863,2.4053,2.3354,2.2708,2.2083,2.1456,2.0818,2.0176,1.9536,1.8894,1.8245,1.7588,1.6927,1.6272,1.5626,1.4999
"BOL",30.3692,30.236,29.9642,29.6814,29.3874,29.0825,28.7664,28.4392,28.1008,27.7509,27.3894,27.016,26.6306,26.2329,25.823,25.3992,24.9596,24.5045,24.036,23.5574,23.0723,22.5847,22.099,21.6198,21.1511,20.6972,20.2612,19.8422,19.438,19.0468,18.6654,18.2898,17.9155,17.5389,17.1577,16.7709,16.3785,15.983,15.5867,15.1904,14.7949,14.4005,14.0077,13.6171,13.2294,12.8454,12.4655,12.09,11.7192,11.3538,10.9939,10.639,10.2895,9.9459,9.6094,9.2826,8.9683,8.6675,8.3803,8.1057,7.8409,7.5822,7.3262,7.0703,6.8138,6.5566
"BRA",19.6845,19.515,19.1747,18.8321,18.4872,18.1401,17.791,17.4403,17.0884,16.7366,16.386,16.0378,15.6932,15.3527,15.0161,14.6826,14.351,14.0195,13.6862,13.3502,13.0108,12.668,12.3224,11.974,11.6224,11.2666,10.9059,10.5399,10.1683,9.7915,9.4083,9.0172,8.6195,8.2178,7.8159,7.4175,7.0263,6.6465,6.2828,5.9394,5.6216,5.3332,5.0739,4.842,4.6358,4.4537,4.2937,4.1506,4.018,3.8899,3.7584,3.6163,3.4615,3.2938,3.1144,2.9271,2.738,2.555,2.3849,2.2313,2.0966,1.9811,1.8813,1.7938,1.7171,1.65
"BRN",11.8983,11.7347,11.3919,11.0179,10.6126,10.1768,9.7127,9.2238,8.7169,8.2032,7.6962,7.2104,6.7602,6.3564,6.0031,5.6989,5.4364,5.2006,4.9787,4.7646,4.5546,4.3482,4.1486,3.9582,3.7763,3.6025,3.4365,3.2783,3.1274,2.9834,2.846,2.7148,2.5899,2.4707,2.3571,2.2485,2.1449,2.046,1.9518,1.8617,1.7757,1.6936,1.6153,1.5407,1.4695,1.4015,1.3367,1.275,1.2162,1.1601,1.106,1.0532,1.0016,0.9518,0.9044,0.8619,0.8268,0.8006,0.7834,0.7741,0.7702,0.7684,0.7651,0.7578,0.7454,0.728
"BTN",36.762,36.5917,36.2434,35.8799,35.501,35.1065,34.6954,34.2665,33.8174,33.3441,32.8419,32.3067,31.7353,31.1277,30.4875,29.8195,29.1296,28.4277,27.7244,27.0282,26.351,25.7026,25.0832,24.4891,23.9152,23.349,22.7739,22.1767,21.5497,20.8919,20.2092,19.5128,18.8185,18.1394,17.4812,16.8458,16.2305,15.6282,15.0339,14.4474,13.8729,13.3169,12.7819,12.2663,11.7646,11.2621,10.7409,10.1908,9.6097,9.003,8.3853,7.777,7.2003,6.6724,6.2011,5.7883,5.4285,5.1069,4.8109,4.5358,4.2789,4.0405,3.8229,3.6266,3.4494,3.2891
"BWA",20.9086,20.7039,20.2978,19.8983,19.5056,19.1197,18.7414,18.371,18.0095,17.6591,17.3216,16.9982,16.6887,16.3903,16.0972,15.8007,15.4912,15.1608,14.8038,14.4173,13.998,13.5453,13.0667,12.5724,12.0711,11.5718,11.0827,10.6109,10.1643,9.7505,9.3753,9.0413,8.7462,8.4887,8.27,8.0888,7.9422,7.8292,7.7509,7.7111,7.7271,7.8208,7.9969,8.2461,8.5477,8.8715,9.1817,9.441,9.6163,9.6849,9.6238,9.4207,9.095,8.6732,8.1767,7.6343,7.0765,6.5309,6.0216,5.5659,5.1729,4.8404,4.5509,4.29,4.0541,3.8414
"CAF",35.003,34.7616,34.2823,33.8099,33.3445,32.8861,32.4346,31.9891,31.5484,31.1109,30.6739,30.234,29.7862,29.3247,28.843,28.3314,27.7804,27.1878,26.5556,25.8874,25.1862,24.4559,23.7092,22.9623,22.2313,21.5326,20.88,20.2816,19.7447,19.2774,18.8863,18.5735,18.3315,18.1514,18.0272,17.9545,17.9294,17.9452,17.9932,18.0634,18.1478,18.2412,18.3396,18.4376,18.5273,18.6034,18.6633,18.7063,18.7297,18.7281,18.6968,18.6324,18.5332,18.397,18.2211,17.9997,17.7273,17.4053,17.0389,16.6349,16.2007,15.7447,15.2774,14.8105,14.3543,13.9192
"CAN",4.75,4.6739,4.522,4.3713,4.2215,4.0729,3.9254,3.7793,3.6349,3.4927,3.3535,3.218,3.0868,2.9603,2.8388,2.722,2.6097,2.5009,2.3949,2.2911,2.1891,2.0883,1.9888,1.8907,1.7943,1.6993,1.6057,1.514,1.4251,1.34,1.2603,1.188,1.1237,1.0678,1.0198,0.9788,0.9431,0.9108,0.8801,0.85,0.82,0.79,0.761,0.7338,0.7087,0.6863,0.6672,0.6515,0.6392,0.63,0.6233,0.6185,0.6147,0.6111,0.6071,0.6021,0.596,0.5888,0.5809,0.5723,0.5633,0.5543,0.5456,0.5374,0.5296,0.5217
"CHE",3.9314,3.8326,3.6436,3.4719,3.3174,3.1801,3.0592,2.9537,2.8618,2.7801,2.7047,2.6316,2.5566,2.4766,2.3902,2.2988,2.2055,2.1145,2.0285,1.9476,1.8696,1.7907,1.7079,1.6197,1.527,1.4325,1.3402,1.2545,1.1788,1.1144,1.062,1.0209,0.9881,0.9607,0.937,0.9155,0.8952,0.8756,0.8561,0.8356,0.8129,0.7871,0.7584,0.7275,0.6954,0.6636,0.6343,0.6089,0.5885,0.5731,0.562,0.5537,0.5462,0.538,0.5284,0.5174,0.5054,0.4936,0.4824,0.4721,0.4624,0.4528,0.4428,0.4322,0.4209,0.409
"CHL",16.1666,16.1112,15.9901,15.8483,15.6859,15.5025,15.2967,15.0671,14.8108,14.5224,14.1962,13.827,13.4111,12.9485,12.4442,11.9069,11.3475,10.7787,10.2113,9.6527,9.1058,8.5692,8.0371,7.5064,6.9783,6.4513,5.9232,5.397,4.8798,4.3804,3.9135,3.4948,3.1329,2.8318,2.5909,2.4045,2.2621,2.1475,2.0465,1.9511,1.8562,1.7614,1.6714,1.5891,1.5137,1.4437,1.378,1.316,1.2573,1.202,1.1507,1.1047,1.0653,1.0327,1.0066,0.9862,0.9706,0.9579,0.9465,0.9349,0.9218,0.906,0.8877,0.8671,0.8442,0.8194
"CHN",21.0754,20.8788,20.5464,20.3354,20.2459,20.2734,20.4027,20.6131,20.8645,21.0871,21.2013,21.1267,20.7892,20.1496,19.2177,18.0444,16.7165,15.3539,14.0595,12.8891,11.8759,11.0197,10.2741,9.6005,8.9909,8.4367,7.9306,7.4694,7.0503,6.6707,6.3342,6.0484,5.818,5.6423,5.515,5.4277,5.3706,5.3311,5.2964,5.256,5.2021,5.131,5.0446,4.9435,4.825,4.6854,4.5216,4.335,4.1287,3.9058,3.6696,3.4236,3.1732,2.9246,2.6837,2.4557,2.2443,2.0503,1.8748,1.7195,1.5866,1.4774,1.3897,1.3203,1.2664,1.2247
"CIV",40.8037,40.4717,39.7815,39.0388,38.2438,37.3968,36.4994,35.555,34.5695,33.5523,32.5155,31.4729,30.4398,29.4301,28.4543,27.5185,26.6229,25.7604,24.9256,24.1183,23.337,22.5797,21.8467,21.1397,20.4613,19.8158,19.2074,18.6403,18.1178,17.6421,17.2163,16.8421,16.5168,16.2357,15.9944,15.7891,15.6164,15.4711,15.3462,15.2347,15.1311,15.0324,14.9364,14.8391,14.7346,14.6156,14.4758,14.3138,14.1301,13.9256,13.7065,13.4817,13.258,13.0383,12.8205,12.597,12.3566,12.0889,11.7879,11.453,11.0847,10.6866,10.2699,9.8472,9.4291,9.0273
"CMR",29.2348,29.067,28.7247,28.3691,28.0002,27.6181,27.2237,26.8177,26.4023,25.9805,25.5563,25.1332,24.7148,24.3028,23.8965,23.4926,23.0855,22.6697,22.2411,21.7988,21.3412,20.8682,20.3846,19.8969,19.4111,18.9331,18.468,18.0206,17.5962,17.2004,16.8359,16.5023,16.1992,15.9283,15.6944,15.5072,15.3776,15.309,15.3002,15.346,15.4472,15.6048,15.8033,16.0182,16.2217,16.3718,16.4256,16.3621,16.1732,15.8616,15.4451,14.9549,14.4355,13.9254,13.4455,13.0091,12.6169,12.2531,11.9039,11.5666,11.237,10.9105,10.5849,10.2599,9.936,9.6166
"COD",28.791,28.6005,28.231,27.8843,27.5604,27.2593,26.9804,26.7222,26.4827,26.2581,26.044,25.8348,25.6244,25.4066,25.1766,24.9268,24.651,24.3512,24.0333,23.7043,23.3786,23.0735,22.8002,22.5636,22.3621,22.1852,22.0158,21.8358,21.6325,21.4027,21.1503,20.8858,20.6236,20.3746,20.1413,19.9167,19.688,19.447,19.1938,18.9374,18.7082,18.5445,18.4652,18.4695,18.5391,18.6318,18.6918,18.6674,18.5217,18.2414,17.8266,17.2954,16.694,16.0662,15.4374,14.8305,14.2604,13.7268,13.2297,12.7742,12.3622,11.9909,11.6501,11.33,11.0255,10.7319
"COG",25.4172,25.0639,24.361,23.6657,22.9779,22.298,21.6268,20.9659,20.3181,19.6883,19.0822,18.5059,17.9658,17.4666,17.0102,16.5978,16.2283,15.8953,15.5921,15.3134,15.0546,14.8119,14.5826,14.3639,14.1519,13.9428,13.7336,13.5254,13.3201,13.1197,12.9262,12.7426,12.573,12.4218,12.2931,12.19,12.1147,12.0673,12.0481,12.0584,12.1062,12.2009,12.341,12.5172,12.7151,12.9205,13.1188,13.2895,13.4086,13.4535,13.3912,13.1921,12.8543,12.3886,11.8112,11.1487,10.4355,9.7131,9.0196,8.381,7.816,7.3304,6.9092,6.5389,6.2168,5.9402
"COL",20.5901,20.1284,19.2336,18.3959,17.6154,16.8918,16.2247,15.6128,15.0539,14.5446,14.0803,13.6555,13.2635,12.8974,12.551,12.2224,11.9135,11.6245,11.3515,11.0865,10.8174,10.5317,10.2215,9.8823,9.5124,9.1115,8.6827,8.2374,7.7885,7.3465,6.9241,6.5332,6.1779,5.86,5.5797,5.3316,5.1064,4.8929,4.6831,4.4748,4.2706,4.077,3.9019,3.7501,3.6213,3.5123,3.4174,3.3298,3.2443,3.159,3.0741,2.9925,2.9182,2.854,2.7998,2.7553,2.7196,2.6899,2.6628,2.6359,2.606,2.5705,2.5284,2.4796,2.424,2.3625
"CPV",19.9915,19.8964,19.718,19.5629,19.4311,19.3217,19.2307,19.1529,19.0782,18.9891,18.8655,18.687,18.4349,18.099,17.6813,17.2003,16.6851,16.1651,15.6592,15.1696,14.6752,14.1403,13.5383,12.8612,12.1236,11.3619,10.625,9.9595,9.3976,8.9503,8.6127,8.363,8.1599,7.9684,7.7725,7.564,7.3437,7.1223,6.9068,6.6948,6.4831,6.2686,6.0478,5.8175,5.5752,5.3135,5.0247,4.7106,4.3785,4.0391,3.7111,3.4156,3.1682,2.9781,2.8475,2.7727,2.7428,2.7382,2.741,2.7409,2.7297,2.7034,2.6654,2.6188,2.5637,2.5013
"CRI",16.1672,15.9619,15.5511,15.1398,14.728,14.3158,13.9033,13.4906,13.0781,12.6664,12.256,11.8476,11.4415,11.0379,10.6365,10.2388,9.8472,9.4603,9.074,8.683,8.274,7.8313,7.3493,6.8297,6.2805,5.7168,5.1578,4.6251,4.1372,3.7053,3.3372,3.0338,2.7842,2.577,2.4066,2.2676,2.1553,2.0648,1.9905,1.9266,1.8685,1.8135,1.7619,1.7138,1.6673,1.6215,1.5765,1.5334,1.493,1.4554,1.4203,1.3879,1.358,1.3303,1.3045,1.2804,1.2577,1.2362,1.2158,1.1963,1.1781,1.1615,1.1468,1.1336,1.1215,1.1094
"CUB",12.0272,11.8366,11.4567,11.0795,10.7048,10.3328,9.9632,9.5959,9.2308,8.8674,8.5053,8.1443,7.7845,7.4264,7.0712,6.7216,6.3812,6.0513,5.7319,5.4217,5.1139,4.7996,4.4748,4.1401,3.801,3.4696,3.1612,2.8887,2.6601,2.4769,2.3356,2.2274,2.1379,2.0552,1.9735,1.8903,1.807,1.7283,1.6571,1.5922,1.5316,1.4724,1.4123,1.3498,1.2844,1.2159,1.1452,1.0746,1.0066,0.9429,0.8856,0.8367,0.7965,0.7649,0.7416,0.7259,0.7167,0.7119,0.7093,0.7072,0.7038,0.6979,0.6893,0.6782,0.6645,0.6485
"CYP",8.6064,8.408,8.0185,7.6438,7.2838,6.9386,6.6081,6.2922,5.9908,5.7037,5.4304,5.1705,4.9233,4.6881,4.464,4.2504,4.0469,3.8533,3.669,3.4934,3.3259,3.1662,3.014,2.8691,2.731,2.5992,2.4736,2.3541,2.2405,2.1323,2.0293,1.9312,1.838,1.7493,1.6648,1.5842,1.5075,1.4344,1.3649,1.2986,1.2355,1.1753,1.1181,1.0637,1.0119,0.9626,0.9158,0.8713,0.8291,0.7889,0.7504,0.713,0.6767,0.6417,0.6085,0.5784,0.553,0.533,0.5185,0.5089,0.5027,0.4978,0.4923,0.4847,0.4744,0.4614
"CZE",6.3198,5.9466,5.2411,4.6171,4.0746,3.6134,3.2328,2.9305,2.7025,2.5431,2.4439,2.3952,2.3843,2.3976,2.4222,2.4466,2.4631,2.4709,2.4691,2.4542,2.4243,2.3804,2.3268,2.2679,2.2052,2.1404,2.0745,2.0078,1.9408,1.8741,1.8077,1.7414,1.6746,1.6072,1.5398,1.4739,1.4112,1.3524,1.2976,1.2457,1.1942,1.1394,1.0791,1.0123,0.9399,0.8644,0.7896,0.7196,0.6575,0.6048,0.5616,0.527,0.4981,0.4726,0.4494,0.4277,0.4072,0.3884,0.3713,0.3558,0.3416,0.3288,0.3173,0.3072,0.2983,0.2904
"DEU",5.9028,5.7928,5.5749,5.3612,5.1517,4.9463,4.7447,4.5466,4.3515,4.1583,3.966,3.7741,3.5827,3.3936,3.2099,3.0389,2.8888,2.7638,2.6644,2.5879,2.5268,2.4712,2.4106,2.3373,2.2482,2.1431,2.0254,1.9028,1.7824,1.6675,1.5605,1.463,1.3737,1.2916,1.2165,1.1477,1.0839,1.024,0.9667,0.9118,0.8591,0.809,0.7626,0.7202,0.682,0.6483,0.6191,0.594,0.5725,0.554,0.5377,0.5232,0.5097,0.497,0.4845,0.4725,0.4616,0.4522,0.444,0.4363,0.4276,0.4157,0.3996,0.379,0.3546,0.3278
"DJI",26.7058,26.5482,26.2262,25.8903,25.5405,25.1771,24.8014,24.4145,24.0189,23.6191,23.2199,22.8253,22.4379,22.0565,21.6753,21.2761,20.8361,20.3439,19.7996,19.2135,18.6114,18.0273,17.4915,17.0241,16.6304,16.3015,16.0164,15.745,15.4645,15.1677,14.8554,14.5368,14.228,13.9412,13.679,13.4413,13.2243,13.0207,12.8243,12.6324,12.4436,12.258,12.0774,11.9033,11.7355,11.575,11.4228,11.2787,11.1413,11.0087,10.8798,10.754,10.6284,10.4992,10.3615,10.2062,10.0236,9.8111,9.5711,9.3089,9.0361,8.7672,8.5159,8.2924,8.1009,7.9413
"DNK",3.5663,3.485,3.329,3.1863,3.0569,2.9405,2.8368,2.7448,2.6629,2.5885,2.5182,2.4486,2.3762,2.2982,2.2136,2.1225,2.0264,1.9288,1.8326,1.7394,1.6498,1.5636,1.4802,1.3998,1.3231,1.2515,1.1861,1.1278,1.0774,1.0353,1.0029,0.9816,0.9704,0.9672,0.9693,0.9723,0.9713,0.9631,0.9457,0.9183,0.8817,0.8383,0.7923,0.7477,0.7066,0.6709,0.6418,0.6186,0.5999,0.5851,0.5726,0.5604,0.547,0.5312,0.5131,0.4933,0.4737,0.456,0.4415,0.4302,0.4217,0.4147,0.4077,0.3994,0.3895,0.3779
"DOM",26.6113,26.2542,25.5452,24.8466,24.1584,23.4808,22.814,22.1585,21.5148,20.8841,20.2677,19.6663,19.0799,18.5068,17.9439,17.3847,16.8219,16.2508,15.6697,15.0795,14.4823,13.8825,13.2881,12.7075,12.1471,11.6134,11.1115,10.6417,10.2033,9.7957,9.4186,9.0707,8.7466,8.4395,8.1436,7.8491,7.5468,7.2335,6.91,6.5795,6.251,5.9373,5.6499,5.3962,5.1774,4.99,4.8259,4.6734,4.5231,4.3713,4.2175,4.064,3.9164,3.7786,3.6511,3.5333,3.4236,3.3195,3.2192,3.1221,3.0282,2.9385,2.8542,2.7756,2.7023,2.6336
"DZA",28.7129,28.4907,28.0434,27.5909,27.133,26.6698,26.2016,25.7288,25.2523,24.7735,24.294,23.8161,23.3418,22.8733,22.4124,21.9641,21.534,21.1211,20.7197,20.3219,19.9208,19.5094,19.0758,18.6055,18.0838,17.4832,16.7757,15.958,15.0417,14.0468,13.005,11.9547,10.9391,9.9967,9.154,8.4322,7.8391,7.3556,6.9608,6.6436,6.3906,6.1875,6.019,5.8701,5.7283,5.5853,5.4385,5.2927,5.1509,5.0111,4.871,4.7296,4.5874,4.4448,4.3022,4.1599,4.0186,3.8797,3.7444,3.6136,3.4886,3.3704,3.2589,3.1535,3.0536,2.9578
"ECU",21.2547,21.0792,20.7331,20.3968,20.0702,19.753,19.4445,19.1434,18.8474,18.5525,18.254,17.947,17.6267,17.2897,16.9352,16.5649,16.183,15.795,15.4053,15.0154,14.6248,14.2313,13.832,13.4249,13.0103,12.5896,12.1649,11.7386,11.3123,10.8866,10.4591,10.0263,9.5864,9.1404,8.6914,8.244,7.8038,7.377,6.9694,6.5854,6.2291,5.9031,5.6049,5.3317,5.0816,4.8514,4.6376,4.4364,4.2448,4.0607,3.8833,3.7131,3.5522,3.4023,3.2638,3.1374,3.024,2.9232,2.8339,2.7548,2.6843,2.6209,2.5628,2.5078,2.454,2.3994
"EGY",42.4751,41.4565,39.4981,37.6975,36.0547,34.569,33.2378,32.0563,31.0158,30.1021,29.2973,28.5816,27.9332,27.3329,26.7678,26.2479,25.796,25.4239,25.123,24.8642,24.5932,24.2462,23.7785,23.1652,22.4036,21.518,20.5549,19.5756,18.6274,17.7281,16.8704,16.0268,15.1639,14.2653,13.3409,12.4223,11.553,10.7684,10.0872,9.508,9.004,8.5315,8.046,7.5199,6.9508,6.3574,5.7746,5.2449,4.7979,4.4412,4.1708,3.9705,3.8099,3.6634,3.5194,3.371,3.2182,3.0693,2.93,2.8001,2.6789,2.5657,2.4597,2.3604,2.2671,2.18
"ERI",34.2525,34.0507,33.6226,33.1451,32.6184,32.0433,31.4237,30.7648,30.0767,29.3769,28.6856,28.0236,27.4107,26.8587,26.3682,25.9268,25.5119,25.0961,24.6591,24.1942,23.7023,23.1921,22.6817,22.1857,21.7103,21.2592,20.8331,20.4269,20.0362,19.6593,19.2975,18.9528,18.6237,18.3051,17.9904,17.6732,17.348,17.0072,16.6416,16.2417,15.7911,15.2738,14.6889,14.0431,13.3476,12.6189,11.8771,11.1466,10.4504,9.8056,9.2278,8.7253,8.2906,7.9144,7.5913,7.3146,7.076,6.8635,6.6648,6.4696,6.2681,6.054,5.8279,5.5914,5.3442,5.0881
"ESP",9.2394,8.9622,8.4264,7.9275,7.4656,7.0405,6.6517,6.2977,5.9763,5.6838,5.4155,5.1659,4.929,4.6991,4.4718,4.2439,4.0142,3.7854,3.5599,3.3388,3.1233,2.915,2.7156,2.5265,2.3487,2.1828,2.0285,1.8851,1.7519,1.6289,1.5166,1.4158,1.3266,1.2485,1.1804,1.1211,1.0695,1.0239,0.9826,0.9438,0.9057,0.8672,0.828,0.7883,0.7481,0.708,0.6692,0.6327,0.5996,0.5701,0.5443,0.5217,0.5015,0.483,0.4657,0.4492,0.4336,0.4189,0.4049,0.3916,0.3786,0.3657,0.3528,0.3399,0.327,0.3143
"EST",13.8501,13.1254,11.7345,10.4604,9.3033,8.2628,7.338,6.5262,5.8234,5.2226,4.715,4.2898,3.9343,3.6353,3.3813,3.1649,2.9835,2.8387,2.7293,2.6494,2.5947,2.5632,2.5521,2.557,2.5715,2.5893,2.6052,2.6167,2.6211,2.6153,2.5971,2.5655,2.5234,2.4737,2.4183,2.3604,2.3038,2.2505,2.2009,2.1544,2.1084,2.059,2.002,1.9346,1.8555,1.7641,1.6605,1.5481,1.4306,1.3115,1.1946,1.0834,0.9801,0.8864,0.8038,0.7325,0.6718,0.6192,0.5727,0.5313,0.4948,0.4634,0.4374,0.4166,0.4003,0.3876
"ETH",34.2597,34.0524,33.6149,33.1314,32.6021,32.0276,31.4107,30.7559,30.0718,29.3724,28.6749,27.9982,27.3619,26.7819,26.2668,25.8189,25.4323,25.0912,24.7818,24.4988,24.2357,23.9883,23.7588,23.5513,23.3694,23.2329,23.1671,23.1779,23.2549,23.3753,23.4941,23.5578,23.5242,23.3672,23.0801,22.6791,22.1999,21.6909,21.1883,20.7035,20.2315,19.7527,19.2393,18.6732,18.054,17.3881,16.6885,15.9752,15.2652,14.5678,13.8861,13.2177,12.5561,11.899,11.25,10.6138,9.9952,9.4001,8.8348,8.3046,7.8167,7.3773,6.9852,6.6368,6.3278,6.0506
"FIN",4.4213,4.3265,4.1374,3.9497,3.7634,3.5784,3.3953,3.2144,3.0367,2.8639,2.6978,2.5405,2.3939,2.2593,2.137,2.0268,1.9276,1.837,1.7525,1.6724,1.5946,1.5179,1.4419,1.3665,1.2915,1.2169,1.1429,1.0709,1.0024,0.9387,0.8818,0.8342,0.7962,0.7674,0.7469,0.7324,0.7211,0.7099,0.6964,0.6794,0.6581,0.6329,0.6058,0.5783,0.5514,0.5257,0.502,0.4804,0.461,0.4438,0.4285,0.415,0.4024,0.3904,0.3786,0.3669,0.3556,0.3448,0.3344,0.3242,0.3134,0.3013,0.2874,0.2717,0.2547,0.2372
"FJI",16.1655,15.8787,15.3143,14.7682,14.2405,13.7312,13.2402,12.7674,12.3125,11.8753,11.4554,11.052,10.6646,10.2921,9.9338,9.5888,9.2565,8.9368,8.6294,8.334,8.0518,7.7844,7.5322,7.2937,7.0664,6.8457,6.6263,6.4046,6.1785,5.9476,5.7135,5.4797,5.2511,5.0318,4.8238,4.6281,4.4443,4.2705,4.1048,3.9465,3.7952,3.6506,3.5125,3.3807,3.2547,3.1332,3.015,2.9,2.789,2.6831,2.5856,2.5006,2.4301,2.3744,2.3319,2.2992,2.272,2.2449,2.2137,2.1761,2.1306,2.0775,2.0195,1.9594,1.8985,1.8383
"FRA",6.0569,5.8804,5.5358,5.2081,4.8973,4.6034,4.3267,4.0674,3.8257,3.6025,3.3985,3.214,3.0488,2.9019,2.7708,2.6532,2.5461,2.4466,2.3515,2.2582,2.1636,2.066,1.9659,1.8646,1.763,1.6633,1.5684,1.4806,1.4019,1.3327,1.273,1.2215,1.1759,1.134,1.0947,1.0574,1.0222,0.9893,0.9586,0.9289,0.8982,0.8643,0.8263,0.7843,0.7393,0.6935,0.6501,0.612,0.5809,0.5574,0.5405,0.5285,0.5184,0.5079,0.4962,0.4831,0.4693,0.4559,0.4438,0.4331,0.4234,0.414,0.4043,0.3938,0.3826,0.3706
"GAB",31.2224,30.9257,30.3598,29.8492,29.3938,28.9922,28.6395,28.3285,28.0455,27.7669,27.4652,27.112,26.6796,26.1502,25.5213,24.8025,24.0158,23.197,22.3773,21.5733,20.7948,20.0428,19.3072,18.5806,17.8642,17.1587,16.4642,15.7815,15.1117,14.4563,13.812,13.1734,12.5418,11.9243,11.3316,10.783,10.3004,9.8969,9.5784,9.3436,9.1846,9.0867,9.0272,8.9856,8.9494,8.9148,8.8854,8.8664,8.8565,8.8458,8.8173,8.7525,8.64,8.4743,8.2554,7.9887,7.6852,7.3634,7.0407,6.7277,6.4321,6.1572,5.8995,5.6571,5.4318,5.2258
"GBR",3.5987,3.5163,3.3595,3.2184,3.0931,2.9834,2.8888,2.8084,2.7405,2.6825,2.631,2.5825,2.5334,2.4809,2.4239,2.3634,2.3022,2.2437,2.1898,2.1403,2.0931,2.0453,1.9938,1.9362,1.872,1.8011,1.7239,1.6431,1.5616,1.4815,1.4058,1.3375,1.2774,1.2255,1.181,1.1417,1.104,1.0646,1.0216,0.9747,0.9253,0.876,0.8301,0.7902,0.7569,0.7305,0.7099,0.6931,0.6783,0.6645,0.6514,0.6388,0.627,0.616,0.6054,0.5943,0.5819,0.5679,0.5522,0.5353,0.5179,0.5015,0.487,0.4751,0.4659,0.4587
"GEO",9.3981,9.304,9.1168,8.9313,8.7475,8.5654,8.3848,8.2057,8.028,7.8514,7.6755,7.5,7.3248,7.1497,6.975,6.7999,6.6233,6.4459,6.2699,6.0977,5.934,5.7834,5.6491,5.5326,5.4341,5.3527,5.2859,5.229,5.1775,5.1283,5.0769,5.0195,4.9563,4.8895,4.8221,4.7641,4.7282,4.7202,4.7389,4.7773,4.8191,4.8432,4.8319,4.7738,4.6664,4.515,4.3324,4.1377,3.9464,3.7647,3.5945,3.4326,3.2708,3.1027,2.9273,2.7424,2.5459,2.3408,2.1321,1.9257,1.7306,1.5567,1.41,1.2937,1.2081,1.1503
"GHA",25.9409,25.6849,25.178,24.6813,24.195,23.7191,23.2537,22.7993,22.3563,21.926,21.5094,21.108,20.7231,20.3556,20.0058,19.6752,19.365,19.0735,18.7979,18.5348,18.2792,18.026,17.7714,17.5129,17.2492,16.9831,16.7198,16.4635,16.215,15.9712,15.7254,15.4686,15.1933,14.8947,14.5716,14.2229,13.8497,13.4601,13.0645,12.6716,12.2938,11.9428,11.6242,11.3398,11.0897,10.8692,10.6698,10.4797,10.2891,10.0934,9.8926,9.6906,9.4924,9.2995,9.1086,8.9105,8.6938,8.4519,8.1837,7.8929,7.5893,7.2865,6.9987,6.7368,6.5056,6.3058
"GIN",35.0749,34.9494,34.7021,34.4626,34.2309,34.0072,33.7923,33.5866,33.3916,33.2096,33.0433,32.8944,32.7634,32.6484,32.5442,32.446,32.3485,32.2437,32.1215,31.9726,31.7854,31.5495,31.2634,30.9281,30.546,30.1219,29.6634,29.1823,28.6896,28.1929,27.6985,27.2095,26.7239,26.2398,25.758,25.2788,24.8021,24.3253,23.8456,23.3603,22.8651,22.3551,21.829,21.2874,20.7324,20.1724,19.6184,19.0763,18.5466,18.0245,17.4918,16.9247,16.3091,15.642,14.9322,14.2025,13.4844,12.808,12.1945,11.6508,11.1726,10.7442,10.3392,9.9368,9.5294,9.115
"GMB",39.0338,38.8226,38.4185,38.0512,37.7206,37.4251,37.159,36.9147,36.6771,36.4202,36.1143,35.7294,35.2378,34.6246,33.8931,33.0619,32.1634,31.2418,30.3352,29.4639,28.639,27.8592,27.1071,26.369,25.6435,24.9283,24.2219,23.5255,22.8413,22.1716,21.5208,20.8936,20.2933,19.7215,19.1783,18.6643,18.179,17.7177,17.2733,16.8396,16.4073,15.9674,15.5157,15.05,14.5703,14.0792,13.5826,13.0892,12.6065,12.1385,11.6864,11.2489,10.8231,10.4082,10.0064,9.6211,9.2562,8.9148,8.5993,8.3108,8.0501,7.817,7.6084,7.4207,7.2511,7.0969
"GNB",31.5868,31.4853,31.2825,31.0802,30.8783,30.6766,30.4743,30.2703,30.0626,29.8474,29.6207,29.3785,29.1176,28.8369,28.5382,28.227,27.9108,27.5969,27.2905,26.9927,26.7016,26.4119,26.1173,25.8133,25.4993,25.1756,24.8435,24.5082,24.175,23.8481,23.5335,23.2368,22.9596,22.701,22.4595,22.2336,22.0207,21.8139,21.6044,21.3843,21.1405,20.8603,20.5403,20.1827,19.7929,19.384,18.9739,18.5791,18.2109,17.873,17.5626,17.2706,16.9818,16.6842,16.3732,16.0468,15.7065,15.3584,15.0077,14.6564,14.3052,13.9542,13.6033,13.2529,12.9048,12.561
"GNQ",33.536,33.367,33.0301,32.6951,32.3623,32.0315,31.7027,31.3761,31.0516,30.7294,30.4094,30.0919,29.7767,29.4637,29.1528,28.8433,28.5348,28.227,27.9196,27.6127,27.3126,27.0274,26.7572,26.4958,26.232,25.9398,25.5879,25.1606,24.6556,24.0834,23.4726,22.8633,22.2937,21.7906,21.3622,21.0034,20.695,20.4029,20.0991,19.7714,19.4119,19.0198,18.6062,18.1814,17.7496,17.3161,16.8855,16.4614,16.0468,15.6443,15.2557,14.8816,14.5189,14.1646,13.8167,13.4721,13.1274,12.7809,12.4322,12.0816,11.7308,11.3821,11.0392,10.7057,10.3838,10.076
"GRC",6.1383,6.0505,5.8783,5.7129,5.5543,5.4025,5.2576,5.1193,4.9873,4.8613,4.7406,4.6241,4.51,4.3958,4.2786,4.1523,4.0108,3.8523,3.6782,3.4918,3.3014,3.1175,2.9487,2.8001,2.6727,2.5616,2.4582,2.3526,2.2381,2.114,1.9835,1.8531,1.7311,1.6232,1.5305,1.4515,1.382,1.3163,1.25,1.1822,1.1137,1.0474,0.9865,0.9332,0.8872,0.8468,0.809,0.7709,0.7307,0.6879,0.6433,0.5985,0.5561,0.5182,0.4857,0.4595,0.4396,0.425,0.4144,0.4069,0.4014,0.3968,0.3922,0.3869,0.3803,0.372
"GTM",25.5379,25.392,25.0915,24.7734,24.4378,24.0848,23.7148,23.3286,22.9275,22.5139,22.0904,21.6601,21.2258,20.7897,20.3526,19.9136,19.4703,19.0198,18.56,18.0909,17.6129,17.127,16.6355,16.1411,15.6459,15.1515,14.6591,14.1693,13.6828,13.2009,12.7243,12.2532,11.7877,11.3278,10.8745,10.428,9.9882,9.5557,9.1316,8.7174,8.315,7.9258,7.5511,7.1923,6.8507,6.5278,6.2244,5.9402,5.6741,5.4253,5.1929,4.9753,4.7712,4.579,4.3974,4.2264,4.0665,3.9182,3.7808,3.6527,3.5317,3.4156,3.3025,3.191,3.08,2.9694
"GUY",10.0096,9.9266,9.7631,9.6045,9.4508,9.302,9.1576,9.0173,8.8805,8.7457,8.6117,8.4772,8.3417,8.2058,8.0715,7.9429,7.8253,7.7221,7.6355,7.5653,7.51,7.4664,7.4295,7.3943,7.3582,7.3192,7.2769,7.2322,7.1858,7.1368,7.0855,7.0324,6.9773,6.919,6.8551,6.7814,6.6929,6.5874,6.4647,6.3267,6.1769,6.0204,5.8636,5.7116,5.5676,5.4325,5.3055,5.1836,5.0651,4.9504,4.8409,4.7382,4.6439,4.559,4.4835,4.418,4.3625,4.3155,4.2746,4.2375,4.2014,4.1634,4.1218,4.0753,4.0235,3.9665
"HND",28.6074,28.39,27.9395,27.4578,26.9448,26.401,25.8277,25.2273,24.604,23.9651,23.3193,22.6761,22.0454,21.4354,20.8503,20.2939,19.7671,19.2615,18.7666,18.2741,17.7711,17.2442,16.6869,16.0966,15.4741,14.8246,14.1572,13.4858,12.8227,12.1751,11.5449,10.9291,10.3239,9.7299,9.1534,8.6051,8.097,7.6369,7.2286,6.8722,6.5631,6.2928,6.0493,5.8227,5.6083,5.4046,5.214,5.0415,4.8904,4.7601,4.6505,4.5606,4.4876,4.4278,4.378,4.3351,4.2972,4.2625,4.2283,4.1913,4.1479,4.0951,4.0324,3.9599,3.878,3.7876
"HRV",11.5724,11.2808,10.7036,10.1384,9.5852,9.0441,8.5155,8,7.4988,7.014,6.548,6.1033,5.6829,5.2889,4.9227,4.5842,4.272,3.9841,3.7189,3.4764,3.2592,3.0711,2.9132,2.7842,2.6803,2.5968,2.5282,2.4679,2.4095,2.348,2.2786,2.1986,2.1098,2.0144,1.9135,1.81,1.7072,1.6085,1.5165,1.4318,1.3534,1.2784,1.2039,1.1287,1.0537,0.9815,0.9164,0.8616,0.8192,0.7889,0.7697,0.7592,0.7532,0.7478,0.7404,0.7285,0.7103,0.6863,0.6576,0.625,0.59,0.5549,0.5219,0.4927,0.4683,0.449
"HTI",34.8493,34.4047,33.5258,32.6674,31.8296,31.012,30.214,29.4349,28.6735,27.9272,27.1936,26.471,25.7592,25.0608,24.3816,23.7333,23.1296,22.5791,22.0852,21.6464,21.2568,20.9061,20.5794,20.2633,19.9497,19.6368,19.3283,19.0282,18.7352,18.4417,18.1322,17.7893,17.4035,16.9723,16.4994,15.9969,15.4828,14.9772,14.4957,14.0448,13.624,13.2259,12.8373,12.4489,12.0598,11.6703,11.2834,10.9062,10.546,10.2078,9.8993,9.6275,9.393,9.1931,9.0237,8.8772,8.744,8.6138,8.4783,8.3326,8.1743,8.0044,7.8289,7.6531,7.4792,7.3092
"HUN",9.2549,8.9939,8.4858,8.0057,7.5536,7.1295,6.7337,6.366,6.0265,5.7154,5.4328,5.1786,4.9519,4.7516,4.5755,4.4247,4.3011,4.2025,4.1233,4.0557,3.9873,3.9049,3.8007,3.6709,3.5154,3.3383,3.1485,2.9589,2.7807,2.6196,2.4805,2.365,2.2686,2.1864,2.1154,2.0516,1.9907,1.929,1.8637,1.7931,1.7164,1.6343,1.55,1.4663,1.3845,1.3062,1.2326,1.1639,1.1001,1.0413,0.9871,0.9368,0.8892,0.8438,0.8003,0.7592,0.7211,0.6868,0.6566,0.6305,0.608,0.5886,0.5714,0.5557,0.5412,0.5275
"IDN",31.7799,31.2854,30.3076,29.3523,28.4195,27.5094,26.622,25.7575,24.9163,24.0991,23.3065,22.5388,21.7958,21.0762,20.3779,19.6955,19.0231,18.3578,17.6996,17.0509,16.4184,15.8109,15.2362,14.6991,14.2007,13.7396,13.3123,12.9101,12.5249,12.1511,11.7842,11.4216,11.0629,10.7074,10.3528,9.9967,9.6373,9.2755,8.9127,8.5501,8.1892,7.8318,7.4803,7.1374,6.8054,6.4864,6.1816,5.891,5.6145,5.3524,5.1048,4.8713,4.6508,4.4425,4.2458,4.0605,3.8868,3.7246,3.5736,3.4332,3.303,3.1825,3.0714,2.9686,2.8731,2.7842
"IND",28.9004,28.6364,28.1163,27.6118,27.123,26.6499,26.1927,25.7514,25.3263,24.9176,24.5257,24.1502,23.7903,23.4438,23.1074,22.7791,22.4573,22.1385,21.8178,21.4893,21.1453,20.7786,20.3863,19.9677,19.5233,19.0542,18.5632,18.0581,17.5473,17.0376,16.5365,16.0497,15.5794,15.1272,14.6948,14.2826,13.8892,13.5101,13.141,12.7795,12.4235,12.072,11.7246,11.3805,11.0381,10.6956,10.3514,10.0052,9.6578,9.3096,8.9614,8.6144,8.2705,7.9322,7.6014,7.2793,6.9663,6.6629,6.3702,6.0902,5.8263,5.5817,5.3575,5.1534,4.9685,4.8003
"IRL",5.3173,5.1958,4.9593,4.7358,4.5253,4.3278,4.1428,3.97,3.8085,3.6568,3.5133,3.3761,3.2433,3.1134,2.9859,2.8613,2.741,2.6268,2.5198,2.42,2.3274,2.2419,2.1619,2.0854,2.0103,1.9331,1.8501,1.7602,1.6638,1.5624,1.4601,1.3623,1.2736,1.1973,1.1343,1.083,1.0401,1.001,0.962,0.9223,0.8825,0.8447,0.8117,0.7851,0.7646,0.7492,0.7374,0.7268,0.7152,0.7011,0.6829,0.6595,0.6316,0.6001,0.5662,0.532,0.5004,0.4732,0.4512,0.4342,0.4202,0.4064,0.3898,0.3688,0.3433,0.3148
"IRN",31.0281,30.7346,30.1438,29.5454,28.9394,28.3262,27.7067,27.0818,26.4537,25.8259,25.2025,24.5866,23.9801,23.3818,22.7865,22.1852,21.5673,20.9226,20.2434,19.5255,18.7636,17.9546,17.1064,16.2312,15.3404,14.4465,13.5612,12.6964,11.864,11.0752,10.3399,9.6637,9.0431,8.4742,7.9557,7.4856,7.0606,6.6746,6.3209,5.9945,5.6918,5.4114,5.1527,4.9133,4.6892,4.4756,4.2688,4.0668,3.8683,3.6717,3.4765,3.2835,3.0952,2.9143,2.7421,2.5799,2.4291,2.2898,2.1618,2.045,1.9393,1.8441,1.7583,1.6801,1.6085,1.5423
"IRQ",36.4576,35.4531,33.4949,31.6384,29.8835,28.2295,26.6734,25.2116,23.8364,22.5349,21.2924,20.0941,18.9265,17.7829,16.6659,15.5922,14.5868,13.6723,12.8612,12.1526,11.538,11.0011,10.5156,10.0574,9.6114,9.1619,8.6986,8.2271,7.7568,7.2951,6.8593,6.4712,6.1459,5.8902,5.7023,5.5706,5.476,5.3954,5.3109,5.2147,5.1078,4.999,4.9015,4.8238,4.7647,4.7181,4.6743,4.6236,4.5594,4.4806,4.3894,4.2915,4.1957,4.1091,4.0345,3.975,3.9318,3.9011,3.8779,3.8578,3.8342,3.7999,3.7505,3.684,3.6003,3.5017
"ISL",3.0336,2.9278,2.7316,2.5664,2.432,2.3281,2.2529,2.2042,2.1772,2.1642,2.156,2.143,2.1161,2.0691,2.001,1.9166,1.8252,1.7385,1.6647,1.606,1.5609,1.525,1.49,1.4495,1.4009,1.3418,1.2712,1.1922,1.1086,1.0234,0.9411,0.8667,0.8031,0.7523,0.7147,0.6895,0.6745,0.6653,0.6577,0.6495,0.6389,0.625,0.6085,0.5898,0.5688,0.5449,0.5178,0.4882,0.4571,0.4254,0.3951,0.3681,0.3455,0.3277,0.3146,0.3051,0.2974,0.2894,0.2798,0.2681,0.2549,0.2413,0.2289,0.2188,0.2112,0.2058
"ISR",5.2698,5.1664,4.964,4.7707,4.5863,4.4109,4.2444,4.0868,3.9378,3.7972,3.6646,3.5395,3.4211,3.3087,3.2013,3.0981,2.9988,2.903,2.8102,2.7197,2.631,2.5436,2.4575,2.3725,2.2884,2.2051,2.1225,2.041,1.9606,1.8815,1.8036,1.727,1.6517,1.5779,1.5061,1.4368,1.3709,1.3087,1.2502,1.195,1.1422,1.0905,1.0389,0.9871,0.9351,0.884,0.8353,0.7905,0.7504,0.7151,0.6842,0.6565,0.6307,0.6055,0.5807,0.5563,0.533,0.5114,0.492,0.4747,0.4587,0.4434,0.4279,0.4118,0.3951,0.3781
"ITA",8.1129,7.9035,7.4978,7.1182,6.7646,6.437,6.1349,5.8572,5.6022,5.367,5.148,4.9412,4.7423,4.5476,4.3547,4.1638,3.9767,3.7964,3.6237,3.4573,3.2927,3.1246,2.9497,2.7674,2.5793,2.39,2.2061,2.0342,1.8793,1.7435,1.6265,1.5262,1.4373,1.3558,1.2798,1.2091,1.1446,1.0874,1.0377,0.9942,0.9549,0.9173,0.8797,0.8405,0.7994,0.7562,0.712,0.6685,0.6275,0.5896,0.5554,0.5253,0.4987,0.4753,0.4548,0.4372,0.4225,0.4102,0.3996,0.3901,0.3806,0.37,0.3578,0.3439,0.3283,0.3118
"JAM",12.3945,12.2482,11.941,11.6049,11.2397,10.8461,10.4258,9.9818,9.5197,9.0488,8.5804,8.1268,7.701,7.3131,6.9688,6.6714,6.4202,6.2041,6.0114,5.8338,5.6589,5.4749,5.277,5.0641,4.8383,4.6079,4.3862,4.1862,4.0163,3.8784,3.769,3.6801,3.5999,3.5188,3.4327,3.3398,3.2411,3.1418,3.0468,2.9578,2.8779,2.8095,2.7529,2.7072,2.6712,2.6427,2.6188,2.5959,2.5711,2.5421,2.5076,2.4672,2.4223,2.374,2.3224,2.2672,2.208,2.1451,2.0794,2.0124,1.946,1.8822,1.8225,1.7679,1.7187,1.6745
"JOR",26.1521,25.5513,24.366,23.2133,22.0933,21.006,19.952,18.9317,17.9465,16.9985,16.0901,15.2241,14.4034,13.6302,12.9059,12.2334,11.6153,11.0493,10.53,10.0517,9.6067,9.1869,8.7854,8.3959,8.0137,7.6366,7.265,6.9034,6.5555,6.2221,5.9032,5.5983,5.3073,5.0308,4.7701,4.5281,4.3083,4.1121,3.9395,3.7893,3.6594,3.5471,3.4479,3.3577,3.2729,3.1909,3.1102,3.031,2.9535,2.8767,2.8005,2.7249,2.6508,2.5786,2.5085,2.4404,2.3741,2.3093,2.2459,2.184,2.1235,2.0647,2.0076,1.9524,1.899,1.8473
"JPN",8.3119,8.026,7.4671,6.9343,6.4275,5.9467,5.4918,5.0627,4.6592,4.2809,3.9275,3.5984,3.2932,3.0114,2.753,2.5195,2.3132,2.1345,1.9817,1.8519,1.7409,1.6441,1.5569,1.4751,1.3959,1.3178,1.2413,1.1686,1.1015,1.0398,0.9829,0.9301,0.8807,0.8342,0.7908,0.7511,0.7164,0.6875,0.6642,0.6459,0.6314,0.619,0.6069,0.5937,0.5785,0.5609,0.5408,0.5191,0.497,0.475,0.4536,0.4335,0.415,0.3983,0.3835,0.3708,0.3598,0.35,0.3411,0.3328,0.3246,0.3166,0.3086,0.3007,0.2927,0.2848
"KAZ",15.0058,14.8595,14.5688,14.282,13.9992,13.7202,13.445,13.1734,12.9052,12.64,12.3773,12.1167,11.8578,11.601,11.3467,11.096,10.8503,10.6109,10.3784,10.1532,9.936,9.7269,9.5248,9.328,9.1347,8.9424,8.7487,8.5521,8.3515,8.1464,7.9347,7.7145,7.4881,7.2597,7.0346,6.8228,6.6351,6.4771,6.3503,6.2523,6.1787,6.122,6.0696,6.0081,5.9273,5.8146,5.6593,5.4613,5.2247,4.9541,4.6591,4.3524,4.048,3.7573,3.4871,3.2384,3.0074,2.7862,2.5705,2.3619,2.1654,1.988,1.835,1.7092,1.6101,1.535
"KEN",25.5034,25.3542,25.0346,24.6728,24.2689,23.8234,23.3379,22.8155,22.2614,21.6849,21.0967,20.5087,19.9331,19.3795,18.8523,18.3504,17.8673,17.3922,16.9172,16.4412,15.9657,15.4947,15.0341,14.5885,14.1591,13.7423,13.3316,12.9243,12.5221,12.1317,11.765,11.4366,11.1577,10.9353,10.7716,10.6668,10.6171,10.6093,10.6291,10.6653,10.7091,10.7551,10.7986,10.8325,10.8472,10.8336,10.7856,10.7011,10.578,10.4124,10.1978,9.9288,9.6089,9.2454,8.847,8.423,7.9826,7.538,7.1024,6.6882,6.308,5.9712,5.6776,5.425,5.2126,5.037
"KGZ",18.0962,17.9442,17.6402,17.3362,17.0321,16.728,16.4239,16.12,15.8164,15.5136,15.212,14.9122,14.615,14.3215,14.0325,13.7492,13.4722,13.202,12.9384,12.6814,12.4316,12.1891,11.9531,11.7221,11.4946,11.2686,11.0421,10.8136,10.582,10.3462,10.1049,9.8569,9.6036,9.3472,9.0899,8.837,8.5941,8.364,8.1464,7.9393,7.737,7.5319,7.3166,7.0857,6.8371,6.5695,6.2836,5.9856,5.6829,5.381,5.0883,4.8129,4.5581,4.3245,4.1109,3.9099,3.7106,3.5042,3.2869,3.0607,2.8342,2.62,2.4304,2.2739,2.1522,2.0633
"KHM",22.0015,21.8011,21.4248,21.097,20.818,20.5869,20.4016,20.2591,20.1537,20.0755,20.0132,19.9557,19.8933,19.8221,19.7456,19.5987,19.2987,18.8701,18.4154,18.0877,18.3269,19.66,22.2669,26.0484,30.6758,35.3909,39.2308,41.4361,41.566,39.5753,35.7711,30.7845,25.5478,20.8369,17.0249,14.3255,12.7156,11.8268,11.3355,11.135,11.1346,11.2702,11.5,11.7677,11.9976,12.1158,12.0717,11.8707,11.5258,11.0389,10.426,9.7174,8.9632,8.2099,7.4869,6.8161,6.2066,5.6495,5.1381,4.6766,4.269,3.9171,3.6154,3.3569,3.1356,2.9446
"KOR",20.7365,20.4125,19.7616,19.1047,18.4419,17.773,17.098,16.4168,15.7293,15.0349,14.3335,13.6246,12.9082,12.1844,11.4539,10.7073,9.9322,9.1306,8.3151,7.5062,6.7418,6.065,5.503,5.0682,4.7582,4.5548,4.426,4.3267,4.2188,4.0821,3.9035,3.6818,3.4347,3.1786,2.9196,2.6653,2.4231,2.1979,1.9935,1.8122,1.6546,1.5185,1.3984,1.2896,1.1898,1.0981,1.0143,0.939,0.8723,0.8129,0.7591,0.7096,0.6634,0.6196,0.5779,0.5386,0.5026,0.471,0.4444,0.4223,0.404,0.3883,0.3739,0.3598,0.3456,0.3311
"KWT",21.6544,21.0421,19.8418,18.6898,17.5861,16.5307,15.5239,14.5657,13.6562,12.7959,11.9849,11.2233,10.5104,9.8448,9.2242,8.6462,8.1088,7.6094,7.1451,6.713,6.3126,5.9452,5.6105,5.306,5.0268,4.7666,4.5188,4.2787,4.0423,3.8069,3.5713,3.3358,3.1052,2.8839,2.6746,2.481,2.3065,2.1523,2.0186,1.9049,1.8101,1.7318,1.6663,1.61,1.5606,1.5166,1.4775,1.4438,1.4154,1.3911,1.3703,1.3523,1.3368,1.3227,1.3087,1.293,1.2742,1.2515,1.225,1.1946,1.1611,1.1256,1.0896,1.0546,1.0214,0.9905
"LAO",27.0069,26.8635,26.5754,26.2852,25.9929,25.6985,25.4022,25.1042,24.8052,24.5058,24.2073,23.9105,23.6164,23.3257,23.0381,22.7523,22.4665,22.1792,21.8899,21.5994,21.31,21.0253,20.7476,20.478,20.2159,19.962,19.7163,19.4751,19.2322,18.9814,18.7126,18.4151,18.0843,17.7191,17.3213,16.8971,16.4562,16.0103,15.5691,15.1373,14.7166,14.305,13.8963,13.4858,13.0726,12.6562,12.2368,11.8161,11.3957,10.9768,10.5591,10.142,9.7261,9.3133,8.9064,8.5089,8.1245,7.756,7.4057,7.0753,6.7663,6.4789,6.2108,5.9594,5.7232,5.5001
"LBN",10.0332,9.8696,9.5491,9.2423,8.949,8.6694,8.4032,8.1503,7.9103,7.6827,7.4665,7.2608,7.0642,6.875,6.6917,6.5119,6.3335,6.1561,5.9804,5.8072,5.639,5.479,5.3299,5.1934,5.0699,4.9592,4.8608,4.7715,4.6876,4.6059,4.523,4.4359,4.343,4.2431,4.1351,4.0188,3.895,3.7659,3.6331,3.4972,3.3577,3.2132,3.0634,2.9089,2.7513,2.5929,2.436,2.283,2.1365,1.9985,1.8706,1.7533,1.6458,1.5475,1.4587,1.3797,1.3111,1.2522,1.2024,1.1605,1.1255,1.0962,1.0716,1.0501,1.0307,1.0123
"LBR",33.4913,33.4072,33.2445,33.0927,32.9518,32.8211,32.6979,32.5784,32.4555,32.3168,32.148,31.9347,31.6633,31.3262,30.9243,30.4639,29.9573,29.4252,28.8873,28.3562,27.8407,27.3444,26.8642,26.3989,25.9521,25.5217,25.1031,24.6961,24.3064,23.944,23.6314,23.3942,23.2445,23.1829,23.2004,23.2881,23.4328,23.601,23.7528,23.8511,23.8516,23.715,23.4275,22.9846,22.3853,21.6339,20.7452,19.7574,18.7117,17.6399,16.5687,15.5164,14.4917,13.5072,12.5817,11.7349,10.9808,10.3159,9.733,9.2267,8.7872,8.4008,8.0502,7.7198,7.3992,7.0826
"LBY",34.1372,34.4011,34.7758,34.8444,34.6068,34.0652,33.2284,32.1131,30.7491,29.1853,27.483,25.7114,23.947,22.2588,20.6951,19.2847,18.0276,16.8836,15.8189,14.8259,13.8978,13.0294,12.2169,11.4558,10.7403,10.0663,9.4315,8.8366,8.2821,7.7664,7.2912,6.8594,6.472,6.1267,5.819,5.5414,5.2856,5.045,4.815,4.5935,4.3826,4.1882,4.0167,3.8719,3.753,3.6574,3.581,3.5174,3.4602,3.4052,3.3481,3.2858,3.2196,3.1513,3.0823,3.0174,2.963,2.9228,2.8974,2.8847,2.8782,2.8693,2.8499,2.8148,2.7627,2.6954
"LKA",15.6554,15.3336,14.7013,14.0915,13.5044,12.9401,12.3988,11.881,11.3871,10.9185,10.4763,10.0613,9.6737,9.3119,8.973,8.6534,8.349,8.0554,7.7684,7.4841,7.1992,6.9112,6.6216,6.3323,6.0447,5.7617,5.4864,5.222,4.9712,4.7351,4.5142,4.3076,4.1129,3.928,3.7518,3.5837,3.4235,3.2711,3.1265,2.989,2.8582,2.7337,2.6153,2.5025,2.3948,2.2921,2.1946,2.102,2.0137,1.9285,1.8439,1.7574,1.6678,1.5754,1.4811,1.3879,1.2993,1.2189,1.1489,1.0899,1.0413,1.0012,0.9662,0.9335,0.9018,0.8703
"LSO",26.484,26.2005,25.6304,25.054,24.4712,23.8832,23.2933,22.7057,22.1288,21.5777,21.0688,20.6186,20.2413,19.9427,19.7176,19.5531,19.4296,19.3189,19.1943,19.0382,18.8359,18.5802,18.2777,17.935,17.5536,17.133,16.6733,16.1825,15.6719,15.1533,14.6448,14.1646,13.721,13.3162,12.9482,12.5945,12.2223,11.8131,11.3661,10.8986,10.4541,10.0893,9.8491,9.7593,9.8214,10.0252,10.3445,10.7228,11.1031,11.4452,11.7071,11.8572,11.8927,11.8168,11.6293,11.3372,10.956,10.5164,10.0491,9.5749,9.1119,8.6715,8.2533,7.8575,7.4892,7.1499
"LTU",16.9988,16.1237,14.4442,12.9062,11.5098,10.2545,9.1386,8.1583,7.3073,6.5752,5.9488,5.4126,4.9492,4.542,4.1781,3.8504,3.5588,3.3097,3.1057,2.9427,2.8196,2.7363,2.6891,2.6705,2.671,2.6784,2.6809,2.6712,2.6439,2.5954,2.5242,2.4321,2.3283,2.222,2.1195,2.0305,1.9648,1.9245,1.9077,1.91,1.9203,1.9242,1.9088,1.8661,1.794,1.6958,1.5795,1.4583,1.3433,1.2396,1.1502,1.0749,1.0092,0.9492,0.8941,0.8426,0.794,0.7478,0.7039,0.6623,0.6234,0.5881,0.5571,0.5309,0.5094,0.4923
"LUX",5.8534,5.7763,5.6181,5.4522,5.2785,5.0969,4.9072,4.7094,4.5037,4.2897,4.0677,3.8388,3.6053,3.3713,3.1426,2.9291,2.7413,2.5841,2.4584,2.3622,2.2875,2.2227,2.1557,2.0785,1.9887,1.8897,1.7895,1.698,1.6218,1.5613,1.5129,1.4701,1.4252,1.3727,1.3115,1.2438,1.1741,1.1083,1.0503,1.0009,0.9582,0.9184,0.8773,0.8326,0.7845,0.7365,0.6936,0.6597,0.6368,0.6234,0.6148,0.6039,0.5847,0.5543,0.5131,0.4656,0.4189,0.3804,0.3552,0.3442,0.3459,0.3561,0.3685,0.3778,0.3819,0.3797
"LVA",13.2187,12.5267,11.1972,9.9767,8.865,7.8622,6.9678,6.1799,5.4955,4.9104,4.4181,4.0106,3.6775,3.4068,3.1864,3.0052,2.8556,2.7351,2.6405,2.5666,2.5144,2.4894,2.4944,2.5272,2.5795,2.6381,2.6885,2.719,2.7213,2.6913,2.6267,2.5295,2.4114,2.2854,2.1611,2.0524,1.973,1.9276,1.9162,1.9361,1.9793,2.0338,2.0842,2.117,2.1244,2.0994,2.0386,1.9487,1.8376,1.7111,1.5772,1.4445,1.3201,1.2098,1.1173,1.0441,0.9885,0.9449,0.9078,0.8751,0.8444,0.8143,0.7848,0.756,0.7275,0.6997
"MAR",25.9045,25.7332,25.385,25.0254,24.6545,24.2723,23.8788,23.4746,23.0602,22.6369,22.206,21.7695,21.33,20.8905,20.4539,20.0247,19.6066,19.2005,18.8054,18.4198,18.044,17.6778,17.3162,16.9509,16.5735,16.1694,15.7239,15.2306,14.6889,14.1023,13.4783,12.8285,12.1705,11.5212,10.8923,10.2925,9.7252,9.1877,8.6786,8.2008,7.7581,7.3535,6.9859,6.6529,6.3517,6.0778,5.8262,5.592,5.371,5.161,4.9631,4.7808,4.6175,4.4737,4.3465,4.2311,4.1217,4.0125,3.8986,3.777,3.6459,3.5057,3.36,3.2124,3.0646,2.9185
"MDA",10.8742,10.6778,10.2898,9.9114,9.5427,9.1836,8.8336,8.4927,8.1604,7.8359,7.5185,7.2082,6.9058,6.614,6.3374,6.0833,5.86,5.6724,5.5227,5.4107,5.3374,5.3026,5.2976,5.3103,5.3287,5.3353,5.3126,5.2523,5.151,5.0094,4.8341,4.6371,4.4363,4.2472,4.0783,3.9367,3.825,3.7372,3.6667,3.6097,3.5616,3.5175,3.4723,3.4207,3.3588,3.2819,3.1866,3.0751,2.9506,2.8165,2.6776,2.5397,2.4085,2.2882,2.1816,2.0898,2.0121,1.9446,1.8838,1.828,1.7758,1.7259,1.6783,1.6324,1.5877,1.5437
"MDG",30.4656,30.2057,29.6917,29.1892,28.6981,28.2184,27.7501,27.2927,26.846,26.409,25.9809,25.5605,25.1463,24.7372,24.3319,23.9291,23.5277,23.1281,22.7311,22.3376,21.9514,21.577,21.2161,20.8675,20.5282,20.1855,19.8234,19.4354,19.024,18.5993,18.1893,17.8298,17.5436,17.3392,17.209,17.1331,17.081,17.0111,16.8866,16.685,16.3855,15.9769,15.4741,14.8959,14.2555,13.5684,12.8517,12.1256,11.4106,10.7242,10.0811,9.4891,8.9445,8.4434,7.9869,7.5751,7.2057,6.8721,6.5671,6.2855,6.0227,5.7756,5.5425,5.3209,5.1071,4.8979
"MEX",20.9694,20.5404,19.703,18.9066,18.1512,17.4373,16.7653,16.1356,15.5488,15.0067,14.5105,14.06,13.6531,13.2841,12.9435,12.6201,12.3024,11.98,11.6436,11.2854,10.8971,10.4735,10.0206,9.5472,9.0609,8.5717,8.0904,7.6277,7.1932,6.7944,6.4377,6.1262,5.8547,5.6164,5.4068,5.2202,5.0503,4.891,4.7365,4.5824,4.4265,4.269,4.1128,3.9596,3.8086,3.656,3.497,3.3307,3.1594,2.9876,2.825,2.683,2.5697,2.4892,2.4408,2.4203,2.4196,2.4266,2.4309,2.4268,2.4101,2.3799,2.3399,2.2939,2.2428,2.1881
"MKD",16.8922,16.54,15.8514,15.1941,14.5682,13.9738,13.4111,12.88,12.3806,11.9131,11.4774,11.0727,10.6974,10.3479,10.0197,9.705,9.3956,9.0874,8.7793,8.4723,8.1744,7.8971,7.6491,7.4341,7.2492,7.0866,6.9345,6.7792,6.6097,6.4208,6.2111,5.9837,5.7463,5.5051,5.2614,5.013,4.7561,4.4885,4.2107,3.9261,3.6402,3.3598,3.0914,2.8405,2.6104,2.4022,2.2144,2.0427,1.8845,1.7397,1.6106,1.5005,1.4109,1.3414,1.2897,1.2514,1.2212,1.1939,1.1656,1.1338,1.0985,1.0617,1.0268,0.9964,0.9704,0.948
"MLI",43.5155,43.3058,42.9085,42.5554,42.2467,41.9818,41.7591,41.5747,41.4222,41.291,41.1676,41.0364,40.8795,40.6795,40.4226,40.0938,39.6827,39.1957,38.6437,38.0361,37.3882,36.7175,36.0412,35.373,34.7216,34.088,33.4662,32.845,32.2177,31.5858,30.9536,30.3272,29.7144,29.1217,28.5527,28.008,27.4853,26.9813,26.4943,26.026,25.5889,25.1991,24.8593,24.5615,24.2891,24.014,23.7031,23.3282,22.8684,22.3135,21.6559,20.8968,20.0622,19.1828,18.2825,17.3897,16.5304,15.7206,14.9727,14.2968,13.6963,13.1661,12.6879,12.2449,11.829,11.4336
"MMR",34.6504,33.8211,32.2415,30.8201,29.5568,28.449,27.4881,26.6617,25.9464,25.3015,24.6801,24.0347,23.3208,22.5136,21.6162,20.6633,19.7136,18.8345,18.0745,17.4487,16.9536,16.565,16.2346,15.9214,15.6072,15.2809,14.9415,14.6005,14.2667,13.9396,13.6189,13.3043,12.9959,12.6935,12.3967,12.1051,11.8183,11.5363,11.259,10.9863,10.7187,10.4569,10.2011,9.9514,9.7072,9.4671,9.2292,8.9926,8.7571,8.5235,8.2948,8.0751,7.8667,7.6698,7.4827,7.2993,7.1115,6.9141,6.7057,6.4887,6.2705,6.0614,5.8715,5.7072,5.5704,5.4593
"MNE",13.4619,13.4674,13.4291,13.292,13.0561,12.7222,12.2936,11.7764,11.1812,10.526,9.8329,9.1266,8.4341,7.7787,7.1758,6.6304,6.1362,5.677,5.2422,4.8332,4.4577,4.1265,3.8474,3.6234,3.4517,3.3269,3.2406,3.1796,3.1311,3.0857,3.0354,2.9756,2.9077,2.8333,2.7515,2.6645,2.5762,2.4904,2.4085,2.3292,2.2462,2.1508,2.0381,1.9079,1.7645,1.6184,1.4832,1.3707,1.2887,1.2387,1.2188,1.2227,1.238,1.2528,1.2602,1.2526,1.2244,1.1771,1.1139,1.0371,0.9522,0.8663,0.7863,0.7179,0.6638,0.6248
"MNG",29.2735,29.4017,29.5555,29.5038,29.2466,28.7862,28.1313,27.2965,26.3085,25.2126,24.063,22.9191,21.8432,20.8848,20.07,19.3997,18.8477,18.3631,17.9071,17.4708,17.0598,16.6912,16.3853,16.1528,15.9897,15.89,15.8439,15.8304,15.8256,15.8095,15.7674,15.6912,15.5751,15.409,15.1763,14.8455,14.3841,13.7888,13.0734,12.262,11.4,10.5432,9.7414,9.0311,8.4283,7.9284,7.5064,7.1186,6.7319,6.3366,5.933,5.5312,5.1504,4.8042,4.4954,4.223,3.9824,3.7647,3.5625,3.3727,3.1943,3.0287,2.8781,2.7437,2.6239,2.5169
"MOZ",37.7981,37.4904,36.8783,36.273,35.6743,35.0826,34.4987,33.9236,33.3593,32.8094,32.2777,31.768,31.283,30.8228,30.3848,29.9615,29.5434,29.1226,28.6944,28.2581,27.81,27.3475,26.8803,26.4236,25.9937,25.6223,25.3442,25.173,25.1078,25.1354,25.2277,25.3459,25.4455,25.4898,25.4578,25.3449,25.1621,24.9326,24.6703,24.371,24.0179,23.5879,23.0664,22.4496,21.7451,20.967,20.1357,19.2802,18.4285,17.6006,16.8111,16.0661,15.3602,14.6901,14.0594,13.4702,12.9219,12.4121,11.9392,11.504,11.1118,10.7695,10.4778,10.2327,10.0266,9.8478
"MRT",29.623,29.3605,28.8288,28.2839,27.7259,27.155,26.5725,25.9803,25.3821,24.784,24.1936,23.6187,23.0676,22.5468,22.0591,21.6058,21.1849,20.7887,20.4096,20.0429,19.6861,19.3387,18.9989,18.663,18.3248,17.9736,17.5977,17.1936,16.7623,16.3082,15.8395,15.3677,14.9074,14.4724,14.0718,13.7151,13.4082,13.1464,12.9228,12.7323,12.5647,12.4078,12.2524,12.0929,11.9282,11.7658,11.6185,11.4973,11.407,11.3442,11.2995,11.2597,11.2092,11.1352,11.0312,10.8917,10.7153,10.5108,10.2885,10.0557,9.8225,9.599,9.3917,9.205,9.0415,8.9004
"MUS",19.6672,18.8953,17.4077,16.0328,14.7706,13.6212,12.5852,11.6622,10.852,10.1548,9.5697,9.0943,8.7232,8.4474,8.2544,8.1462,8.1306,8.1959,8.3139,8.4453,8.524,8.479,8.2739,7.8968,7.3567,6.6911,5.9604,5.2419,4.5992,4.0646,3.6564,3.3711,3.1713,3.0225,2.9103,2.818,2.7316,2.6451,2.5551,2.4585,2.3606,2.2726,2.2059,2.1657,2.1488,2.1444,2.1371,2.1133,2.0646,1.9903,1.8964,1.7945,1.6994,1.6222,1.5666,1.5326,1.5162,1.5084,1.5014,1.4917,1.4768,1.4559,1.4307,1.4027,1.3721,1.3395
"MWI",35.1133,35.0392,34.8824,34.7088,34.5184,34.3116,34.0898,33.8545,33.6089,33.3587,33.1099,32.8679,32.6366,32.4154,32.1986,31.9717,31.7165,31.4197,31.0741,30.6806,30.2468,29.7863,29.318,28.8577,28.4135,27.9886,27.5809,27.1826,26.7884,26.3984,26.0196,25.6614,25.3259,25.0092,24.7016,24.3876,24.0485,23.6679,23.2333,22.738,22.1765,21.5488,20.8686,20.1523,19.4126,18.6655,17.9262,17.2039,16.5053,15.8346,15.1879,14.5545,13.9231,13.288,12.6524,12.0243,11.4152,10.8382,10.3041,9.8184,9.3847,9.0024,8.6643,8.3626,8.0931,7.8526
"MYS",14.9324,14.6087,13.9722,13.3577,12.765,12.1942,11.6448,11.1162,10.6073,10.1162,9.6407,9.1786,8.7277,8.2868,7.8559,7.4365,7.0312,6.643,6.2741,5.9255,5.5973,5.2891,4.9987,4.7242,4.4644,4.2183,3.9853,3.7651,3.557,3.3602,3.1738,2.9975,2.8312,2.6742,2.5259,2.3855,2.2528,2.1274,2.009,1.897,1.791,1.6907,1.5961,1.5071,1.423,1.3429,1.2656,1.1911,1.1199,1.0527,0.9919,0.9404,0.8998,0.8707,0.8523,0.8431,0.8405,0.8411,0.8418,0.8403,0.8347,0.8239,0.8086,0.79,0.7683,0.7445
"NAM",27.1541,26.7734,26.0221,25.2908,24.5795,23.8881,23.2166,22.5648,21.9323,21.3187,20.7233,20.1452,19.5836,19.0376,18.5064,17.9916,17.4957,17.0187,16.5586,16.1114,15.6672,15.2146,14.7483,14.2686,13.7806,13.2986,12.8416,12.4247,12.056,11.7351,11.4526,11.1925,10.9354,10.6669,10.3822,10.0792,9.7614,9.4414,9.1324,8.8426,8.5826,8.3619,8.1829,8.0453,7.9479,7.8921,7.8784,7.8961,7.9292,7.9605,7.9649,7.9169,7.8035,7.6194,7.3652,7.0485,6.6846,6.2993,5.9172,5.5536,5.2221,4.9303,4.674,4.4489,4.2543,4.0874
"NCL",18.5233,18.1488,17.412,16.6996,16.0117,15.3482,14.7091,14.0942,13.503,12.9353,12.3901,11.8667,11.3639,10.8804,10.4149,9.9666,9.5348,9.1194,8.7199,8.3354,7.965,7.6081,7.2646,6.9342,6.6164,6.311,6.018,5.7377,5.4701,5.2152,4.9729,4.7432,4.5261,4.321,4.1276,3.9455,3.7745,3.614,3.4634,3.3218,3.1886,3.0632,2.9453,2.8342,2.7292,2.6298,2.5356,2.4465,2.3622,2.2824,2.2067,2.1351,2.0675,2.0037,1.9431,1.8852,1.8294,1.7754,1.7231,1.6722,1.6229,1.5757,1.531,1.4891,1.4498,1.4132
"NER",32.5075,32.5228,32.5484,32.5642,32.5704,32.567,32.5546,32.5341,32.5072,32.4765,32.4455,32.4177,32.3966,32.3848,32.3832,32.392,32.4104,32.4346,32.4603,32.4844,32.5056,32.5238,32.5375,32.5433,32.5363,32.5035,32.4297,32.3121,32.1559,31.9726,31.7951,31.665,31.6046,31.6172,31.6879,31.7838,31.86,31.8635,31.7499,31.4933,31.0712,30.4752,29.7323,28.8751,27.9274,26.9196,25.8823,24.8409,23.8168,22.826,21.8709,20.9412,20.0187,19.0935,18.1705,17.2579,16.3671,15.5128,14.7091,13.9657,13.2942,12.7033,12.1886,11.7418,11.3552,11.0171
"NGA",34.3475,34.1571,33.7663,33.3557,32.925,32.4748,32.0066,31.5224,31.0264,30.5254,30.0275,29.5413,29.0749,28.6334,28.2176,27.8245,27.4471,27.0749,26.6989,26.3146,25.9175,25.505,25.0809,24.6505,24.2182,23.7858,23.3548,22.931,22.5237,22.1437,21.8077,21.5327,21.3252,21.1859,21.1114,21.0968,21.1334,21.2017,21.2796,21.3483,21.3912,21.3968,21.3596,21.2727,21.1264,20.9085,20.6105,20.2362,19.7939,19.2915,18.7369,18.1393,17.5132,16.8757,16.2428,15.6317,15.0558,14.5182,14.0193,13.5602,13.1359,12.7366,12.3502,11.9675,11.5862,11.2083
"NIC",26.5539,26.2529,25.655,25.0653,24.4838,23.9105,23.3452,22.7881,22.2388,21.6972,21.1629,20.6358,20.1156,19.6019,19.095,18.5922,18.0906,17.5908,17.0958,16.6108,16.1477,15.7206,15.3359,14.9936,14.6882,14.4086,14.1399,13.8639,13.5641,13.2302,12.854,12.4327,11.9737,11.4848,10.9697,10.4298,9.8656,9.2828,8.6905,8.0994,7.5224,6.9714,6.4539,5.9758,5.5417,5.1519,4.8023,4.4848,4.193,3.9256,3.686,3.48,3.3106,3.1769,3.0739,2.9931,2.9243,2.8578,2.786,2.7044,2.6123,2.5126,2.4123,2.3166,2.227,2.1434
"NLD",3.3125,3.2297,3.0696,2.9205,2.7823,2.6552,2.539,2.4333,2.3378,2.2516,2.1737,2.1029,2.0376,1.9763,1.9173,1.8595,1.8019,1.7445,1.6874,1.6304,1.5734,1.5165,1.4604,1.4058,1.3531,1.3029,1.2558,1.2118,1.1712,1.1337,1.0994,1.0682,1.0394,1.0125,0.9867,0.9615,0.936,0.91,0.8834,0.8561,0.8281,0.7997,0.7717,0.7445,0.7187,0.6949,0.6739,0.6557,0.6399,0.6262,0.6137,0.6014,0.5883,0.5737,0.5575,0.5399,0.5217,0.5037,0.4865,0.4701,0.4538,0.4366,0.4178,0.3972,0.3751,0.3525
"NOR",3.1026,3.043,2.9279,2.8211,2.7225,2.6322,2.5497,2.4744,2.4052,2.3404,2.2777,2.2149,2.1499,2.0811,2.0083,1.9326,1.8561,1.7817,1.7111,1.645,1.5824,1.5215,1.4607,1.3989,1.3366,1.275,1.2159,1.1616,1.1137,1.0731,1.0413,1.0197,1.007,1.0006,0.998,0.9945,0.9851,0.9667,0.9374,0.8972,0.8475,0.7914,0.7339,0.6792,0.6297,0.5874,0.5529,0.5249,0.5018,0.4831,0.4677,0.4545,0.4424,0.4303,0.4175,0.4038,0.3892,0.3744,0.3597,0.3452,0.3306,0.3155,0.2998,0.2835,0.2669,0.2507
"NPL",33.9509,33.9775,34.0085,33.9952,33.9378,33.8358,33.6881,33.4938,33.251,32.9557,32.6042,32.1938,31.724,31.1982,30.6249,30.0152,29.3816,28.7371,28.0937,27.4605,26.8451,26.2507,25.6715,25.1015,24.5374,23.9745,23.4072,22.8303,22.2397,21.6326,21.0076,20.3651,19.7087,19.0419,18.3665,17.6825,16.9891,16.2872,15.5798,14.8713,14.1664,13.4698,12.7857,12.1186,11.4726,10.8504,10.2527,9.6782,9.1264,8.5986,8.0961,7.6202,7.1711,6.7491,6.3541,5.9867,5.6474,5.3349,5.0471,4.7819,4.5364,4.3082,4.0951,3.8949,3.7061,3.5281
"NZL",3.4653,3.4352,3.3729,3.3063,3.2354,3.1603,3.0812,2.9984,2.9127,2.8253,2.7375,2.651,2.5675,2.4885,2.4148,2.3474,2.2866,2.2311,2.1796,2.1308,2.083,2.0342,1.9832,1.9296,1.8732,1.8146,1.7552,1.6967,1.6407,1.5882,1.5404,1.4986,1.4619,1.4289,1.3979,1.3651,1.3265,1.2795,1.2237,1.16,1.0916,1.0229,0.959,0.9036,0.8582,0.8228,0.7956,0.7732,0.7527,0.7329,0.7137,0.6953,0.6787,0.6644,0.6518,0.6402,0.6283,0.6154,0.601,0.5853,0.5688,0.5528,0.5383,0.5261,0.5161,0.508
"OMN",38.4391,37.7958,36.5246,35.2842,34.0745,32.8957,31.7481,30.6317,29.5468,28.4943,27.4746,26.4881,25.5343,24.6116,23.7174,22.8515,22.0147,21.2036,20.4109,19.6279,18.8394,18.0296,17.1911,16.3225,15.427,14.5124,13.5916,12.6827,11.8027,10.9625,10.1702,9.4284,8.7327,8.0797,7.4704,6.9071,6.3918,5.9228,5.4963,5.1082,4.7533,4.426,4.1213,3.8343,3.561,3.2993,3.0492,2.8131,2.5925,2.387,2.1951,2.0152,1.8469,1.6904,1.5469,1.4202,1.3152,1.2344,1.1771,1.1406,1.1195,1.1067,1.095,1.079,1.0554,1.0237
"PAK",37.961,37.1485,35.559,34.0407,32.5937,31.218,29.9137,28.6807,27.5191,26.4288,25.4098,24.4614,23.5825,22.7708,22.0234,21.3386,20.7159,20.1525,19.6438,19.184,18.7686,18.3942,18.057,17.7518,17.472,17.2129,16.9721,16.7478,16.5365,16.3328,16.1314,15.9282,15.7217,15.5102,15.2917,15.0652,14.8312,14.5922,14.35,14.1051,13.8575,13.6065,13.352,13.0943,12.8343,12.5726,12.3099,12.0474,11.7867,11.5297,11.2785,11.0355,10.8012,10.5758,10.359,10.1491,9.9434,9.7397,9.5368,9.3351,9.137,8.9458,8.7644,8.5944,8.4352,8.285
"PAN",13.3859,13.2314,12.9212,12.6087,12.2939,11.9769,11.6583,11.3387,11.0194,10.7026,10.3909,10.0866,9.7917,9.507,9.2312,8.9612,8.6924,8.4205,8.1422,7.8562,7.5609,7.2557,6.9443,6.6319,6.3235,6.0261,5.7471,5.4908,5.2591,5.0527,4.8689,4.7027,4.5472,4.3969,4.2497,4.1056,3.9664,3.8357,3.716,3.6075,3.5107,3.4254,3.3498,3.2813,3.2175,3.1553,3.0919,3.0256,2.9551,2.8798,2.7992,2.7139,2.6263,2.5388,2.4531,2.3716,2.296,2.2272,2.1653,2.1105,2.0623,2.0199,1.9813,1.9447,1.9089,1.8726
"PER",27.632,27.4483,27.0687,26.6647,26.2363,25.7842,25.3105,24.8178,24.3112,23.8,23.2942,22.8035,22.3355,21.8922,21.4678,21.0434,20.5939,20.1001,19.5535,18.9569,18.3271,17.6898,17.0727,16.4947,15.9614,15.4665,14.994,14.5219,14.0347,13.5296,13.0098,12.4845,11.968,11.4716,10.9999,10.5556,10.1386,9.7428,9.3614,8.9903,8.6241,8.2575,7.8878,7.5134,7.1337,6.7471,6.3531,5.9565,5.5641,5.1828,4.8219,4.4906,4.1944,3.9368,3.719,3.5414,3.4015,3.2911,3.2012,3.125,3.0556,2.9874,2.9177,2.8446,2.7654,2.6794
"PHL",14.4042,14.2331,13.8953,13.5664,13.2465,12.9354,12.6328,12.3381,12.0506,11.7685,11.4901,11.2133,10.9364,10.6584,10.379,10.0947,9.8009,9.5006,9.2014,8.9133,8.6588,8.4638,8.3394,8.2855,8.2917,8.3365,8.3903,8.4199,8.3972,8.3065,8.1326,7.869,7.5342,7.1516,6.7401,6.3273,5.9424,5.6049,5.3276,5.1158,4.9648,4.8599,4.776,4.6927,4.6011,4.4971,4.3823,4.2656,4.1534,4.0468,3.9457,3.8497,3.7573,3.6672,3.5791,3.4927,3.4083,3.3262,3.2464,3.1688,3.0928,3.0179,2.9437,2.8701,2.7974,2.7261
"PNG",24.3707,24.1291,23.6535,23.1928,22.7472,22.316,21.8975,21.4891,21.0863,20.6808,20.2633,19.8248,19.3571,18.8569,18.327,17.776,17.2169,16.6651,16.133,15.6269,15.1486,14.6952,14.2582,13.8309,13.4118,12.9985,12.5889,12.1853,11.7919,11.4132,11.0578,10.7357,10.4518,10.2074,10.0001,9.8235,9.6683,9.5229,9.3776,9.2272,9.0692,8.9047,8.7395,8.5778,8.4207,8.2683,8.1205,7.9766,7.836,7.6989,7.5653,7.4354,7.3097,7.1884,7.0718,6.9613,6.858,6.762,6.6724,6.5876,6.5051,6.4218,6.3351,6.2436,6.1467,6.0448
"POL",10.5033,10.1332,9.427,8.7893,8.2201,7.7185,7.2822,6.9071,6.5863,6.3073,6.0557,5.8164,5.5745,5.32,5.0506,4.7733,4.5027,4.2563,4.0464,3.8753,3.7404,3.6338,3.5425,3.4555,3.3677,3.2764,3.1821,3.089,2.9999,2.9148,2.8334,2.7556,2.6804,2.6067,2.5336,2.4606,2.3878,2.3146,2.2399,2.162,2.0771,1.9812,1.8732,1.7538,1.6257,1.4935,1.3629,1.2399,1.1293,1.0338,0.9547,0.8913,0.8397,0.7962,0.7589,0.7259,0.6956,0.6674,0.6408,0.615,0.5899,0.5659,0.544,0.5248,0.5081,0.4939
"PRI",8.3072,8.0925,7.6826,7.3119,6.9803,6.6874,6.431,6.2083,6.0137,5.8375,5.6686,5.4951,5.3058,5.093,4.8554,4.597,4.3271,4.0599,3.8073,3.5746,3.3644,3.1754,3.0021,2.8406,2.6906,2.5541,2.4338,2.3311,2.2452,2.1736,2.1121,2.0551,1.9981,1.9375,1.8718,1.8011,1.727,1.6539,1.5853,1.523,1.4697,1.4275,1.3958,1.3725,1.3551,1.3386,1.317,1.2862,1.2446,1.1927,1.1344,1.0761,1.0242,0.9828,0.9528,0.932,0.9162,0.8996,0.878,0.8505,0.8178,0.782,0.7469,0.7155,0.6885,0.6662
"PRK",25.1348,23.6915,20.9913,18.6634,16.7081,15.1217,13.8913,12.995,12.3932,12.0189,11.7912,11.6229,11.4233,11.1218,10.6839,10.1105,9.4408,8.7549,8.1171,7.5498,7.0632,6.6523,6.2922,5.9628,5.6588,5.3779,5.1206,4.8892,4.6837,4.5012,4.3302,4.1568,3.9787,3.8024,3.6408,3.521,3.4757,3.5279,3.69,3.9618,4.3549,4.8772,5.4942,6.1512,6.7891,7.3053,7.5898,7.593,7.3066,6.7555,6.0205,5.2201,4.4816,3.8991,3.5095,3.308,3.2461,3.2318,3.1928,3.1056,2.9631,2.7775,2.582,2.4028,2.2462,2.1145
"PRT",14.0279,13.9061,13.6587,13.4038,13.1415,12.871,12.5908,12.2988,11.9912,11.6607,11.2999,10.902,10.462,9.9806,9.465,8.9294,8.3916,7.8688,7.3738,6.9126,6.4832,6.0767,5.6795,5.2831,4.8876,4.497,4.1184,3.7612,3.4332,3.1375,2.8769,2.6518,2.4573,2.2875,2.1383,2.0045,1.8812,1.765,1.653,1.543,1.4345,1.3292,1.2302,1.1395,1.0574,0.9834,0.9165,0.8552,0.7981,0.7443,0.6933,0.6448,0.5992,0.557,0.5181,0.4835,0.4544,0.431,0.4129,0.3988,0.3863,0.3725,0.3554,0.3339,0.3081,0.2795
"PRY",10.2502,10.2541,10.2459,10.2057,10.1335,10.0298,9.8962,9.735,9.5507,9.3512,9.1455,8.9432,8.7537,8.5837,8.435,8.3034,8.1799,8.0537,7.9178,7.7717,7.6193,7.4677,7.3257,7.1996,7.0908,6.9986,6.9196,6.8476,6.7772,6.7061,6.6337,6.5611,6.4898,6.4202,6.3506,6.2779,6.1988,6.1109,6.0129,5.9048,5.7877,5.6641,5.5373,5.4103,5.2847,5.1606,5.0371,4.9131,4.7884,4.664,4.5423,4.4256,4.3158,4.214,4.1204,4.0335,3.951,3.8705,3.7908,3.7122,3.6371,3.569,3.5105,3.4627,3.4245,3.3935
"QAT",17.4446,17.16,16.593,16.0303,15.4719,14.9175,14.3662,13.8169,13.2676,12.7145,12.1536,11.5813,10.9953,10.3962,9.7881,9.1761,8.5665,7.9688,7.3934,6.8493,6.347,5.8949,5.4935,5.1404,4.8331,4.5663,4.3323,4.1207,3.9226,3.7319,3.5452,3.3619,3.1855,3.0184,2.8602,2.7105,2.5695,2.4369,2.3125,2.1956,2.0859,1.9831,1.8868,1.7964,1.7113,1.6308,1.5545,1.482,1.4132,1.3477,1.2855,1.2264,1.1707,1.1188,1.0709,1.0278,0.9902,0.9584,0.932,0.9103,0.892,0.8756,0.8598,0.8433,0.8256,0.8066
"ROU",11.2187,11.3199,11.4511,11.4395,11.2853,10.9908,10.5651,10.0214,9.3847,8.6981,8.0118,7.3779,6.8474,6.4529,6.2001,6.0658,6.0024,5.9456,5.8462,5.6863,5.4638,5.1943,4.9132,4.6491,4.4118,4.2052,4.0265,3.8665,3.7191,3.5848,3.4694,3.3808,3.3223,3.2927,3.2866,3.2933,3.2994,3.2931,3.2659,3.2141,3.1386,3.0453,2.9446,2.8452,2.7502,2.6612,2.578,2.4968,2.4145,2.3298,2.2406,2.1446,2.0416,1.9325,1.8189,1.703,1.5878,1.4767,1.3727,1.2781,1.195,1.1244,1.0652,1.0157,0.9749,0.9414
"RUS",17.6288,16.7115,14.948,13.3265,11.8471,10.5098,9.3142,8.2583,7.3393,6.5527,5.892,5.3481,4.9082,4.5564,4.2751,4.0463,3.8557,3.6961,3.5608,3.4426,3.3424,3.2679,3.2272,3.222,3.2458,3.2866,3.3305,3.3644,3.3784,3.3673,3.33,3.2701,3.1979,3.1225,3.048,2.9776,2.9125,2.8519,2.7952,2.7434,2.6988,2.6637,2.6375,2.6176,2.6007,2.5811,2.5524,2.5099,2.4501,2.3719,2.2743,2.1583,2.0293,1.8937,1.7562,1.6228,1.4984,1.3857,1.2866,1.2026,1.1339,1.0791,1.0342,0.9956,0.9615,0.9305
"RWA",27.6384,27.495,27.2072,26.9176,26.626,26.3326,26.0376,25.7416,25.4458,25.1517,24.8616,24.5785,24.3059,24.0477,23.8078,23.5939,23.4138,23.2677,23.1509,23.0565,22.9799,22.9165,22.8527,22.7699,22.6486,22.4453,22.113,21.643,21.0525,20.3754,19.5948,18.6841,17.7214,16.8531,16.2591,16.4049,17.8269,20.6682,24.7824,29.8031,34.9071,39.0604,41.4689,41.6817,39.6651,35.8034,30.8382,25.7778,21.4214,18.1056,15.9296,14.7123,13.9486,13.2336,12.454,11.5581,10.571,9.6059,8.7488,8.009,7.3895,6.8834,6.4675,6.1192,5.825,5.5747
"SAU",31.1794,30.8749,30.2681,29.6655,29.0671,28.473,27.8836,27.2982,26.7162,26.137,25.5591,24.9794,24.3928,23.7914,23.1651,22.4967,21.7685,20.9735,20.1122,19.19,18.2154,17.2015,16.1703,15.1449,14.1435,13.1828,12.2736,11.4167,10.6125,9.865,9.1757,8.5428,7.9588,7.4164,6.9116,6.4415,6.0044,5.5993,5.2246,4.8771,4.5554,4.2586,3.9862,3.7363,3.5057,3.2903,3.086,2.8911,2.7051,2.5279,2.3626,2.214,2.0859,1.9802,1.8958,1.8303,1.7799,1.7391,1.7025,1.6665,1.6284,1.5869,1.543,1.4979,1.4516,1.4044
"SDN",23.7596,23.4988,22.9851,22.4874,22.0058,21.5401,21.0902,20.6557,20.236,19.83,19.4362,19.0535,18.6802,18.3155,17.9588,17.6092,17.2657,16.93,16.6046,16.2925,15.9979,15.7254,15.4778,15.257,15.0636,14.8986,14.7622,14.6502,14.557,14.4774,14.4058,14.3371,14.2674,14.1926,14.1088,14.0156,13.9156,13.8105,13.699,13.5765,13.4329,13.2569,13.0425,12.7885,12.4978,12.1781,11.8408,11.4995,11.1654,10.8445,10.5382,10.2432,9.9526,9.6624,9.3735,9.0889,8.8126,8.5489,8.3013,8.0712,7.8595,7.6659,7.4873,7.3205,7.1633,7.0136
"SEN",32.9589,32.7132,32.2349,31.7827,31.3565,30.9575,30.5893,30.2549,29.9612,29.7212,29.5477,29.4506,29.4337,29.4879,29.589,29.7031,29.7913,29.8135,29.7332,29.5244,29.1595,28.6222,27.9324,27.1191,26.2068,25.2298,24.2256,23.2277,22.2647,21.3556,20.5019,19.6888,18.8941,18.107,17.336,16.5989,15.9187,15.3171,14.81,14.4041,14.1123,13.9434,13.8784,13.8864,13.9352,13.9807,13.9775,13.8931,13.7037,13.3948,12.9599,12.4065,11.7694,11.0845,10.3756,9.6653,8.971,8.3023,7.6698,7.0862,6.5624,6.1033,5.7016,5.3489,5.0412,4.7729
"SLB",22.8234,22.5847,22.1083,21.6336,21.1606,20.6894,20.2199,19.7523,19.2868,18.8238,18.3636,17.9069,17.4542,17.006,16.5631,16.1257,15.6943,15.2686,14.8485,14.4338,14.0204,13.6024,13.18,12.7575,12.3428,11.9418,11.5601,11.2097,10.9064,10.6669,10.5298,10.5371,10.6943,10.9827,11.3679,11.786,12.1592,12.4204,12.5225,12.4459,12.1946,11.7988,11.3221,10.8194,10.317,9.8309,9.3642,8.9045,8.4447,7.9903,7.5464,7.1174,6.7053,6.3124,5.9411,5.5928,5.2671,4.9619,4.6757,4.4085,4.1614,3.9361,3.7328,3.551,3.3889,3.2445
"SLE",42.3717,42.2397,41.9742,41.7055,41.4336,41.1591,40.8836,40.6075,40.3324,40.0625,39.8002,39.5451,39.2918,39.0264,38.7264,38.3477,37.8405,37.1818,36.3688,35.4163,34.3578,33.2414,32.128,31.0706,30.1013,29.2358,28.4701,27.7799,27.1493,26.5822,26.0861,25.6704,25.3434,25.1107,24.9743,24.9539,25.0725,25.3206,25.6676,26.0711,26.4638,26.7718,26.9411,26.9356,26.7407,26.3659,25.8465,25.2449,24.6137,23.9762,23.3456,22.7214,22.0846,21.4197,20.7245,19.9857,19.1872,18.3297,17.426,16.497,15.5782,14.7104,13.925,13.2426,12.6711,12.2049
"SLV",23.5089,23.3731,23.1023,22.8332,22.5656,22.2993,22.0331,21.7654,21.4933,21.2116,20.9145,20.5964,20.2529,19.8827,19.4887,19.0776,18.6586,18.2424,17.8383,17.4513,17.087,16.7483,16.4296,16.123,15.8222,15.5208,15.2134,14.892,14.5473,14.1697,13.7465,13.2666,12.7287,12.1354,11.4907,10.7965,10.0557,9.2828,8.4973,7.7192,6.9717,6.2761,5.644,5.0841,4.6029,4.2026,3.8786,3.6148,3.3957,3.2118,3.0562,2.9248,2.8155,2.7243,2.6446,2.57,2.4958,2.421,2.3448,2.2655,2.1833,2.0999,2.0188,1.9422,1.8706,1.8037
"SOM",34.3509,34.1171,33.6529,33.1952,32.7441,32.2994,31.861,31.4284,31.001,30.5777,30.1572,29.7383,29.3202,28.9028,28.4872,28.0761,27.6733,27.2814,26.9015,26.5332,26.1738,25.8194,25.466,25.1108,24.7535,24.3931,24.0296,23.6667,23.3096,22.9633,22.6289,22.3063,21.9992,21.7161,21.4679,21.2918,21.2317,21.2945,21.4599,21.6879,21.8915,21.9654,21.8373,21.4726,20.8775,20.104,19.2401,18.3957,17.6569,17.0603,16.6171,16.3059,16.0646,15.8407,15.614,15.37,15.1035,14.8227,14.5339,14.2356,13.9266,13.6072,13.2808,12.9514,12.6219,12.296
"SUR",12.0674,11.9092,11.5923,11.2741,10.9547,10.6342,10.313,9.9919,9.6724,9.3568,9.0481,8.7494,8.4642,8.1956,7.9453,7.7149,7.5046,7.3122,7.1348,6.9706,6.8175,6.6732,6.5362,6.4049,6.2783,6.1559,6.0379,5.9256,5.8198,5.7208,5.6299,5.5493,5.4784,5.4151,5.3562,5.2965,5.2305,5.1538,5.0635,4.9581,4.8374,4.7029,4.5593,4.4113,4.2621,4.1139,3.968,3.8252,3.6871,3.5561,3.437,3.3346,3.2492,3.1793,3.1213,3.0677,3.0091,2.9385,2.8521,2.7499,2.6363,2.5188,2.407,2.308,2.2245,2.1569
"SVK",10.9123,10.2827,9.0813,7.996,7.0267,6.1735,5.4357,4.8113,4.2967,3.8868,3.5742,3.3487,3.1972,3.1036,3.0509,3.0236,3.0104,3.006,3.004,2.9958,2.9755,2.9419,2.8992,2.8506,2.7953,2.7321,2.6599,2.5793,2.4915,2.398,2.3001,2.1997,2.0986,1.9992,1.9036,1.8138,1.7316,1.6569,1.589,1.5277,1.4716,1.4189,1.3678,1.3168,1.2653,1.2133,1.1616,1.1114,1.0638,1.0193,0.978,0.9399,0.9045,0.8716,0.8411,0.8131,0.7879,0.7654,0.7455,0.7279,0.7118,0.6968,0.6823,0.6679,0.6535,0.6393
"SVN",3.1593,3.0812,2.9302,2.7894,2.6588,2.5387,2.4293,2.3308,2.2436,2.1689,2.1076,2.0602,2.0267,2.0059,1.9952,1.9911,1.9896,1.9871,1.9803,1.9668,1.9446,1.9126,1.8729,1.8283,1.7808,1.7345,1.6941,1.6618,1.638,1.6215,1.6079,1.5915,1.5667,1.5296,1.4793,1.4165,1.344,1.267,1.1899,1.115,1.0436,0.9754,0.9094,0.8451,0.7835,0.7258,0.6737,0.6281,0.589,0.5565,0.5297,0.5077,0.4886,0.4711,0.4541,0.4369,0.4195,0.4021,0.3852,0.3689,0.3531,0.3381,0.3242,0.3114,0.2996,0.2889
"SWE",2.5433,2.4983,2.4118,2.3322,2.2594,2.1934,2.1337,2.0797,2.0303,1.9835,1.937,1.8884,1.8355,1.777,1.7127,1.6442,1.574,1.5052,1.4402,1.3797,1.3235,1.2698,1.2167,1.1632,1.1093,1.0558,1.0043,0.9565,0.9135,0.876,0.8446,0.8195,0.7995,0.7835,0.77,0.7578,0.7453,0.7317,0.7158,0.6969,0.6739,0.6462,0.6146,0.5803,0.5447,0.5098,0.4781,0.451,0.4295,0.4137,0.4026,0.3946,0.3874,0.3792,0.3693,0.3578,0.3454,0.3334,0.3225,0.3129,0.3044,0.2962,0.2878,0.2788,0.269,0.2588
"SWZ",26.9128,26.6714,26.1995,25.7492,25.3204,24.9135,24.5287,24.1657,23.824,23.5038,23.2041,22.9222,22.6535,22.39,22.1208,21.83,21.5011,21.1258,20.7008,20.2265,19.71,19.1638,18.6044,18.0452,17.4926,16.9475,16.4055,15.8588,15.3026,14.7378,14.1611,13.5686,12.966,12.3651,11.7804,11.2303,10.7333,10.3042,9.9556,9.6968,9.5384,9.486,9.5279,9.6474,9.8299,10.0641,10.3403,10.6418,10.9458,11.2277,11.4621,11.6286,11.7181,11.7225,11.6326,11.4365,11.1268,10.7169,10.2276,9.6785,9.093,8.4943,7.9045,7.3448,6.8333,6.3848
"SYR",22.2721,21.9663,21.3611,20.7692,20.1906,19.6251,19.0724,18.5315,18.001,17.4783,16.9603,16.4433,15.9231,15.396,14.8589,14.3073,13.7373,13.1508,12.552,11.9457,11.3385,10.7376,10.1504,9.5838,9.0427,8.5305,8.0476,7.5906,7.1568,6.746,6.3583,5.9939,5.6525,5.333,5.0342,4.7547,4.4931,4.2484,4.019,3.8039,3.6024,3.4147,3.2411,3.0813,2.9344,2.7998,2.677,2.5651,2.4628,2.3684,2.2783,2.1885,2.0983,2.0093,1.9243,1.8524,1.8046,1.7869,1.7999,1.8392,1.8945,1.9514,1.9957,2.0165,2.0091,1.9729
"TCD",31.7346,31.5946,31.3146,31.0344,30.754,30.4735,30.1934,29.9138,29.6354,29.3593,29.0865,28.8172,28.5506,28.2835,28.0109,27.7206,27.3988,27.0399,26.6445,26.2188,25.7768,25.3372,24.9184,24.5338,24.189,23.8842,23.6126,23.3599,23.1132,22.867,22.6155,22.3556,22.09,21.8224,21.5553,21.2947,21.0481,20.8202,20.6131,20.4257,20.2525,20.0856,19.9168,19.7407,19.5561,19.3667,19.1796,19.0018,18.8375,18.6857,18.547,18.4208,18.2991,18.1704,18.0236,17.8385,17.5938,17.2823,16.9052,16.4707,15.997,15.509,15.0338,14.5924,14.1954,13.8455
"TGO",33.4603,33.1076,32.4087,31.7232,31.0508,30.3918,29.7462,29.1138,28.4949,27.8894,27.2975,26.719,26.1537,25.6011,25.0603,24.5306,24.0111,23.501,22.9994,22.5055,22.0181,21.5363,21.0603,20.5908,20.1286,19.6742,19.2285,18.793,18.3697,17.9608,17.569,17.1966,16.8447,16.5135,16.2027,15.9123,15.6413,15.3872,15.1471,14.9185,14.6991,14.4872,14.2818,14.0818,13.8858,13.6989,13.5287,13.3752,13.2322,13.088,12.9179,12.6927,12.3968,12.0264,11.5887,11.1042,10.603,10.1194,9.681,9.3011,8.9849,8.7267,8.5061,8.3057,8.1189,7.941
"THA",20.2036,19.8684,19.2065,18.5617,17.934,17.3236,16.7302,16.1539,15.5943,15.0512,14.5239,14.0115,13.5125,13.0249,12.5462,12.0722,11.5987,11.1244,10.6494,10.1751,9.704,9.2399,8.788,8.353,7.9381,7.5466,7.1804,6.8382,6.5177,6.2174,5.9352,5.6687,5.4147,5.1702,4.9327,4.7,4.4702,4.2442,4.0232,3.808,3.6008,3.4043,3.2205,3.0509,2.8955,2.754,2.625,2.506,2.3944,2.2887,2.1876,2.0902,1.9966,1.9071,1.8215,1.7402,1.6641,1.5939,1.5297,1.4712,1.4176,1.3679,1.3209,1.2758,1.232,1.1895
"TJK",22.4159,22.2569,21.939,21.621,21.3028,20.9845,20.666,20.3474,20.0287,19.7102,19.3921,19.0749,18.7592,18.4464,18.1377,17.8351,17.54,17.2534,16.9761,16.7088,16.4522,16.2065,15.9706,15.7431,15.5227,15.3081,15.0979,14.891,14.6861,14.4821,14.2793,14.0787,13.8807,13.6843,13.4871,13.2864,13.0793,12.8628,12.6341,12.391,12.1298,11.8473,11.5449,11.2259,10.8943,10.5582,10.2275,9.9079,9.6016,9.3069,9.0151,8.7127,8.3893,8.0397,7.6661,7.2746,6.8751,6.4828,6.1113,5.7694,5.4658,5.2058,4.9854,4.7995,4.6442,4.5138
"TKM",19.9631,19.797,19.4666,19.1398,18.8165,18.4968,18.1805,17.8674,17.5573,17.2496,16.9438,16.6394,16.3361,16.0343,15.7347,15.4387,15.1478,14.8636,14.5873,14.3196,14.0615,13.8138,13.5755,13.3445,13.1188,12.8954,12.6709,12.4429,12.2103,11.9728,11.7293,11.4794,11.2265,10.9753,10.7309,10.5033,10.3037,10.136,9.9986,9.8863,9.7854,9.6783,9.5499,9.3912,9.2007,8.9851,8.7581,8.5361,8.3307,8.1449,7.9754,7.8142,7.6494,7.4729,7.2827,7.0782,6.8616,6.64,6.4209,6.2093,6.0117,5.8341,5.6779,5.5428,5.4277,5.3295
"TLS",40.2161,39.887,39.233,38.5872,37.9496,37.3203,36.6991,36.0859,35.4804,34.8821,34.2905,33.705,33.1251,32.5505,31.9813,31.3775,30.6873,29.9145,29.1061,28.3398,27.8232,27.8053,28.389,29.5545,31.1764,32.9576,34.5099,35.4949,35.6927,35.0472,33.6328,31.656,29.4651,27.3551,25.4666,23.8936,22.6521,21.6333,20.7372,19.9311,19.1638,18.38,17.5458,16.643,15.6685,14.6412,13.5993,12.5951,11.6698,10.8401,10.1098,9.468,8.8884,8.3506,7.8501,7.3914,6.9848,6.6383,6.3523,6.1184,5.9221,5.7452,5.5709,5.3862,5.1846,4.9651
"TTO",11.7418,11.5486,11.1524,10.7364,10.3006,9.846,9.3761,8.8956,8.4137,7.9463,7.5116,7.1278,6.8117,6.572,6.4061,6.3016,6.2378,6.187,6.1259,6.0426,5.9303,5.7905,5.6349,5.474,5.3104,5.1457,4.9805,4.815,4.6509,4.4909,4.3384,4.1962,4.0662,3.9496,3.8473,3.7594,3.6845,3.6204,3.5656,3.5197,3.4837,3.4597,3.4486,3.4501,3.4625,3.4843,3.5143,3.5489,3.5841,3.6157,3.6382,3.6467,3.6395,3.6166,3.5784,3.5272,3.4669,3.4027,3.339,3.2783,3.2218,3.1692,3.1185,3.0678,3.0167,2.9647
"TUN",30.5505,30.4985,30.3677,30.1835,29.9458,29.6542,29.3075,28.9045,28.4431,27.9187,27.327,26.665,25.9319,25.1318,24.2742,23.3733,22.4453,21.5048,20.5641,19.6307,18.7031,17.7728,16.8296,15.8701,14.8999,13.9254,12.9545,12.0008,11.0798,10.2053,9.3946,8.6628,8.0122,7.4401,6.9425,6.5083,6.1215,5.7645,5.4235,5.0924,4.7725,4.472,4.2022,3.9693,3.7713,3.6024,3.4541,3.3163,3.1809,3.0438,2.9025,2.7573,2.614,2.4779,2.352,2.2419,2.1534,2.0877,2.0437,2.0183,2.0053,1.9967,1.9845,1.9626,1.9279,1.8794
"TUR",29.5391,29.4796,29.3298,29.1184,28.8456,28.5114,28.1167,27.6636,27.1558,26.5988,26.0002,25.3692,24.7168,24.0544,23.3926,22.743,22.1146,21.5063,20.9144,20.3354,19.7589,19.1708,18.5601,17.9213,17.2554,16.5682,15.8702,15.1762,14.4993,13.8471,13.2242,12.6314,12.0638,11.5172,10.9912,10.4873,10.0076,9.5511,9.1145,8.693,8.2777,7.8583,7.4293,6.9892,6.5396,6.0867,5.6401,5.2111,4.8091,4.4384,4.0999,3.791,3.5054,3.2386,2.9903,2.7632,2.5615,2.3879,2.2423,2.1222,2.0229,1.9386,1.8629,1.7906,1.7183,1.6449
"TWN",12.8581,12.3562,11.3959,10.5222,9.7352,9.035,8.4213,7.8916,7.4424,7.0688,6.7629,6.5137,6.3059,6.1201,5.9345,5.716,5.4325,5.0756,4.6491,4.1644,3.6507,3.1479,2.6961,2.3242,2.0431,1.8518,1.7354,1.6618,1.6029,1.5462,1.4821,1.4076,1.3287,1.2509,1.1742,1.1001,1.0308,0.9691,0.9174,0.8768,0.8488,0.8349,0.8333,0.8413,0.8558,0.8724,0.8863,0.8941,0.8932,0.8827,0.8627,0.8353,0.8044,0.7732,0.7431,0.7149,0.6882,0.6622,0.6362,0.6106,0.5858,0.5625,0.5412,0.5222,0.5055,0.4912
"TZA",26.6709,26.4552,26.0367,25.6438,25.2765,24.9346,24.6176,24.3243,24.0523,23.7983,23.5575,23.3247,23.0934,22.8573,22.611,22.3502,22.0726,21.7797,21.4727,21.1512,20.811,20.4472,20.0619,19.6619,19.2565,18.8612,18.4933,18.1645,17.8819,17.6472,17.4554,17.2952,17.1509,17.0105,16.8694,16.7342,16.6175,16.5269,16.461,16.4082,16.3513,16.2701,16.1429,15.9502,15.6782,15.3088,14.8284,14.2478,13.5865,12.8644,12.1091,11.3508,10.6175,9.9336,9.3161,8.775,8.3092,7.9014,7.5364,7.2086,6.9137,6.6486,6.4111,6.1976,6.0032,5.8245
"UGA",28.0738,27.8193,27.3113,26.8051,26.3006,25.7975,25.2948,24.7919,24.2871,23.7772,23.2593,22.732,22.1961,21.6572,21.1255,20.6173,20.1505,19.7384,19.39,19.1094,18.8964,18.7456,18.6418,18.5702,18.5217,18.4886,18.4664,18.454,18.4492,18.4476,18.4499,18.4597,18.4778,18.5,18.5177,18.5179,18.4865,18.4134,18.2913,18.117,17.8934,17.6284,17.3335,17.0166,16.6786,16.3114,15.9019,15.4429,14.9356,14.3897,13.8211,13.2495,12.6955,12.1763,11.7026,11.2801,10.9076,10.5732,10.2665,9.9837,9.7229,9.4836,9.2647,9.0631,8.8738,8.6909
"UKR",13.9735,13.2404,11.8313,10.5366,9.3562,8.2901,7.338,6.4981,5.7678,5.1435,4.6193,4.1876,3.8384,3.559,3.3363,3.1579,3.0146,2.9019,2.8147,2.7463,2.696,2.6676,2.6647,2.686,2.7242,2.7678,2.804,2.8233,2.8193,2.7893,2.7344,2.6599,2.5766,2.4941,2.417,2.3492,2.2921,2.2439,2.2027,2.1687,2.1424,2.1243,2.1129,2.1061,2.1014,2.0954,2.0847,2.0671,2.0411,2.0058,1.9618,1.9111,1.8563,1.7995,1.7408,1.6786,1.6098,1.5329,1.4481,1.3575,1.2652,1.1762,1.0949,1.0248,0.9671,0.9219
"URY",6.5489,6.5152,6.4431,6.3617,6.2708,6.1709,6.0627,5.9477,5.8285,5.7095,5.5959,5.4931,5.4064,5.3391,5.2917,5.2635,5.2516,5.2493,5.2494,5.2468,5.2378,5.2201,5.1929,5.154,5.0997,5.0253,4.9266,4.803,4.6552,4.4846,4.2909,4.0741,3.8395,3.5952,3.3503,3.1175,2.9099,2.7341,2.5925,2.485,2.4052,2.3419,2.2822,2.2165,2.1419,2.0602,1.9775,1.9026,1.8419,1.7961,1.7639,1.7416,1.7237,1.7055,1.6851,1.6621,1.6377,1.614,1.5925,1.5727,1.5531,1.532,1.5078,1.4796,1.4475,1.4122
"USA",3.7071,3.6566,3.5592,3.4689,3.3859,3.31,3.2411,3.1788,3.1225,3.071,3.0231,2.9769,2.9304,2.8815,2.8282,2.7682,2.6993,2.622,2.537,2.4453,2.3485,2.2488,2.1486,2.0506,1.9565,1.8675,1.7838,1.7048,1.6301,1.5604,1.497,1.4412,1.3933,1.3527,1.3185,1.2887,1.2611,1.2335,1.2042,1.1724,1.1376,1.1002,1.0617,1.0239,0.9876,0.954,0.924,0.8979,0.8759,0.858,0.844,0.8338,0.8265,0.8208,0.8157,0.8101,0.8028,0.7934,0.7815,0.767,0.7501,0.7313,0.7115,0.6915,0.6719,0.6528
"UZB",16.0776,15.9733,15.7639,15.553,15.3405,15.1265,14.911,14.6941,14.4759,14.2567,14.0368,13.8164,13.5959,13.3756,13.1557,12.9351,12.7122,12.4869,12.2604,12.0348,11.8145,11.6046,11.4084,11.227,11.0602,10.9068,10.7643,10.6273,10.4898,10.3468,10.1922,10.0204,9.8303,9.6225,9.3983,9.1594,8.9085,8.6522,8.3977,8.1511,7.9214,7.7173,7.54,7.3879,7.2573,7.1406,7.0273,6.9065,6.7696,6.6122,6.4329,6.2339,6.0224,5.8046,5.5831,5.3567,5.1229,4.8811,4.6341,4.3875,4.1512,3.9359,3.7486,3.5932,3.4699,3.3756
"VEN",15.8922,15.6742,15.2359,14.7934,14.3465,13.8954,13.4407,12.9832,12.5245,12.0672,11.6145,11.1698,10.7365,10.317,9.9123,9.5211,9.1406,8.7672,8.3989,8.036,7.6805,7.3355,7.0042,6.6886,6.3892,6.1045,5.8316,5.5677,5.3111,5.062,4.8224,4.5954,4.3839,4.1896,4.0121,3.8497,3.6994,3.5579,3.4226,3.2928,3.1698,3.0564,2.9549,2.8658,2.7876,2.717,2.6497,2.5818,2.5105,2.4348,2.3553,2.2742,2.1949,2.1201,2.0507,1.9868,1.9275,1.8713,1.8169,1.764,1.7127,1.6636,1.6173,1.5741,1.5335,1.4952
"VNM",17.1759,16.8157,16.1094,15.4317,14.7824,14.1615,13.5684,13.0027,12.4636,11.9493,11.458,10.9885,10.5402,10.1143,9.7141,9.3503,9.0365,8.7775,8.5709,8.4083,8.2713,8.137,7.9859,7.805,7.5904,7.3478,7.0908,6.8395,6.6092,6.4048,6.2259,6.0671,5.9177,5.7699,5.6215,5.4742,5.3318,5.1987,5.0767,4.9639,4.8556,4.7454,4.6277,4.4995,4.3605,4.2127,4.0606,3.9104,3.7672,3.6336,3.5107,3.3983,3.2938,3.1948,3.1004,3.01,2.9232,2.8398,2.7593,2.6813,2.6051,2.5303,2.4569,2.3851,2.3149,2.2467
"VUT",26.5973,26.2961,25.6967,25.1028,24.5146,23.9319,23.3545,22.7821,22.2143,21.6499,21.0881,20.5278,19.9682,19.4092,18.8516,18.297,17.7474,17.205,16.6713,16.1474,15.6335,15.129,14.6327,14.1431,13.6599,13.1805,12.7023,12.2256,11.7525,11.2867,10.8353,10.4071,10.0072,9.6377,9.2976,8.9824,8.6847,8.3952,8.1062,7.8139,7.5159,7.2126,6.9085,6.608,6.3131,6.0258,5.7479,5.4805,5.2248,4.9818,4.7529,4.5384,4.3376,4.1498,3.9744,3.811,3.6589,3.5175,3.3857,3.2626,3.1478,3.041,2.9421,2.8507,2.7658,2.6867
"WSM",16.7312,16.5402,16.1608,15.7865,15.4174,15.0534,14.6945,14.3409,13.9925,13.6494,13.3117,12.9794,12.6525,12.3307,12.0137,11.7008,11.3914,11.0851,10.7816,10.4808,10.1827,9.8874,9.5957,9.3079,9.0245,8.7458,8.4723,8.2038,7.9404,7.6818,7.428,7.1786,6.9333,6.6915,6.453,6.2166,5.9816,5.7478,5.5159,5.287,5.0624,4.8439,4.6332,4.432,4.2418,4.0645,3.9015,3.7523,3.6154,3.4892,3.3711,3.2579,3.1469,3.0363,2.9253,2.8139,2.7031,2.5956,2.4937,2.3987,2.3119,2.2347,2.1666,2.1071,2.0554,2.0103
"YEM",37.2973,37.215,37.0809,37.0076,36.9952,37.041,37.1348,37.2631,37.3994,37.4979,37.5059,37.37,37.0404,36.4895,35.721,34.767,33.6836,32.5476,31.4229,30.3419,29.3195,28.3485,27.3963,26.4377,25.4695,24.4869,23.4873,22.477,21.4657,20.4632,19.4798,18.5253,17.6098,16.7439,15.9373,15.2015,14.545,13.9653,13.4563,13.0123,12.625,12.2845,11.978,11.6934,11.4214,11.1593,10.9099,10.6759,10.4548,10.2374,10.0053,9.7375,9.4247,9.066,8.668,8.2482,7.831,7.4418,7.0999,6.8134,6.5835,6.4027,6.2525,6.1168,5.9883,5.8623
"ZAF",20.4391,20.101,19.4481,18.8422,18.2831,17.7708,17.3049,16.8837,16.5048,16.1642,15.8563,15.5741,15.3081,15.0474,14.7807,14.493,14.1706,13.8112,13.417,12.9924,12.5483,12.1005,11.6653,11.255,10.8749,10.5249,10.1987,9.8846,9.5736,9.263,8.9506,8.6357,8.3231,8.0184,7.726,7.4491,7.1896,6.9516,6.7408,6.5645,6.4341,6.3612,6.3488,6.395,6.4947,6.6437,6.8365,7.0572,7.2861,7.5043,7.6931,7.8371,7.928,7.9572,7.915,7.786,7.5573,7.237,6.8426,6.3936,5.9189,5.4503,5.0151,4.6347,4.3223,4.0828
"ZMB",25.8513,25.6483,25.245,24.8472,24.4548,24.0681,23.6874,23.3129,22.9453,22.5859,22.2357,21.8954,21.5647,21.2417,20.9225,20.5979,20.2572,19.8955,19.513,19.1145,18.7074,18.3018,17.9122,17.5528,17.2342,16.967,16.7577,16.6042,16.5025,16.4508,16.4484,16.4942,16.5799,16.6941,16.8252,16.9638,17.1032,17.2357,17.3504,17.4343,17.4765,17.4696,17.4104,17.2938,17.1121,16.8512,16.4971,16.0517,15.5248,14.9303,14.2878,13.6198,12.9504,12.3016,11.6894,11.1242,10.6075,10.1289,9.6799,9.2597,8.8678,8.5039,8.1665,7.8529,7.5608,7.2873
"ZWE",19.9025,19.7081,19.3231,18.9456,18.5755,18.2129,17.858,17.511,17.1724,16.843,16.5236,16.2151,15.9178,15.6317,15.356,15.09,14.8336,14.5844,14.3395,14.0956,13.85,13.6007,13.3457,13.082,12.8061,12.51,12.1853,11.8317,11.4535,11.0582,10.6566,10.261,9.8856,9.5431,9.2431,8.9917,8.7907,8.6344,8.5182,8.4416,8.4068,8.4166,8.4691,8.5595,8.6808,8.831,9.0095,9.208,9.4119,9.6035,9.759,9.855,9.8788,9.8233,9.6855,9.4652,9.1683,8.8163,8.4326,8.036,7.6463,7.2803,6.9456,6.6476,6.3919,6.1797
"ATA",0,0,0,0,0,0,0,0,0,0,0,0,0,0,0,0,0,0,0,0,0,0,0,0,0,0,0,0,0,0,0,0,0,0,0,0,0,0,0,0,0,0,0,0,0,0,0,0,0,0,0,0,0,0,0,0,0,0,0,0,0,0,0,0,0,0
"ATF",0,0,0,0,0,0,0,0,0,0,0,0,0,0,0,0,0,0,0,0,0,0,0,0,0,0,0,0,0,0,0,0,0,0,0,0,0,0,0,0,0,0,0,0,0,0,0,0,0,0,0,0,0,0,0,0,0,0,0,0,0,0,0,0,0,0
"CYN",0,0,0,0,0,0,0,0,0,0,0,0,0,0,0,0,0,0,0,0,0,0,0,0,0,0,0,0,0,0,0,0,0,0,0,0,0,0,0,0,0,0,0,0,0,0,0,0,0,0,0,0,0,0,0,0,0,0,0,0,0,0,0,0,0,0
"DMA",0,0,0,0,0,0,0,0,0,0,0,0,0,0,0,0,0,0,0,0,0,0,0,0,0,0,0,0,0,0,0,0,0,0,0,0,0,0,0,0,0,0,0,0,0,0,0,0,0,0,0,0,0,0,0,0,0,0,0,0,0,0,0,0,0,0
"FLK",0,0,0,0,0,0,0,0,0,0,0,0,0,0,0,0,0,0,0,0,0,0,0,0,0,0,0,0,0,0,0,0,0,0,0,0,0,0,0,0,0,0,0,0,0,0,0,0,0,0,0,0,0,0,0,0,0,0,0,0,0,0,0,0,0,0
"GRL",0,0,0,0,0,0,0,0,0,0,0,0,0,0,0,0,0,0,0,0,0,0,0,0,0,0,0,0,0,0,0,0,0,0,0,0,0,0,0,0,0,0,0,0,0,0,0,0,0,0,0,0,0,0,0,0,0,0,0,0,0,0,0,0,0,0
"KAS",0,0,0,0,0,0,0,0,0,0,0,0,0,0,0,0,0,0,0,0,0,0,0,0,0,0,0,0,0,0,0,0,0,0,0,0,0,0,0,0,0,0,0,0,0,0,0,0,0,0,0,0,0,0,0,0,0,0,0,0,0,0,0,0,0,0
"KOS",0,0,0,0,0,0,0,0,0,0,0,0,0,0,0,0,0,0,0,0,0,0,0,0,0,0,0,0,0,0,0,0,0,0,0,0,0,0,0,0,0,0,0,0,0,0,0,0,0,0,0,0,0,0,0,0,0,0,0,0,0,0,0,0,0,0
"PSX",0,0,0,0,0,0,0,0,0,0,0,0,0,0,0,0,0,0,0,0,0,0,0,0,0,0,0,0,0,0,0,0,0,0,0,0,0,0,0,0,0,0,0,0,0,0,0,0,0,0,0,0,0,0,0,0,0,0,0,0,0,0,0,0,0,0
"SAH",0,0,0,0,0,0,0,0,0,0,0,0,0,0,0,0,0,0,0,0,0,0,0,0,0,0,0,0,0,0,0,0,0,0,0,0,0,0,0,0,0,0,0,0,0,0,0,0,0,0,0,0,0,0,0,0,0,0,0,0,0,0,0,0,0,0
"SDS",0,0,0,0,0,0,0,0,0,0,0,0,0,0,0,0,0,0,0,0,0,0,0,0,0,0,0,0,0,0,0,0,0,0,0,0,0,0,0,0,0,0,0,0,0,0,0,0,0,0,0,0,0,0,0,0,0,0,0,0,0,0,0,0,0,0
"SGS",0,0,0,0,0,0,0,0,0,0,0,0,0,0,0,0,0,0,0,0,0,0,0,0,0,0,0,0,0,0,0,0,0,0,0,0,0,0,0,0,0,0,0,0,0,0,0,0,0,0,0,0,0,0,0,0,0,0,0,0,0,0,0,0,0,0
"SOL",0,0,0,0,0,0,0,0,0,0,0,0,0,0,0,0,0,0,0,0,0,0,0,0,0,0,0,0,0,0,0,0,0,0,0,0,0,0,0,0,0,0,0,0,0,0,0,0,0,0,0,0,0,0,0,0,0,0,0,0,0,0,0,0,0,0
"SRB",0,0,0,0,0,0,0,0,0,0,0,0,0,0,0,0,0,0,0,0,0,0,0,0,0,0,0,0,0,0,0,0,0,0,0,0,0,0,0,0,0,0,0,0,0,0,0,0,0,0,0,0,0,0,0,0,0,0,0,0,0,0,0,0,0,0
